"","xi","GrantDate","PatentNo","MatchAsgName","comp"
"1",76.4926147460938,"2003-01-21",6508800,"BAXTER INTERNATIONAL INC","BECTON DICKINSON AND COMPANY"
"2",35.5465927124023,"2003-02-18",6520948,"BAXTER INTERNATIONAL INC","BECTON DICKINSON AND COMPANY"
"3",36.8217620849609,"2003-02-25",6523698,"BAXTER INTERNATIONAL INC","BECTON DICKINSON AND COMPANY"
"4",80.483528137207,"2003-01-14",6506333,"BAXTER INTERNATIONAL INC","BECTON DICKINSON AND COMPANY"
"5",80.2239761352539,"2003-01-07",6503453,"BAXTER INTERNATIONAL INC","BECTON DICKINSON AND COMPANY"
"6",72.7206726074219,"2003-01-28",6511411,"BAXTER INTERNATIONAL INC","BECTON DICKINSON AND COMPANY"
"7",52.0696029663086,"2003-03-11",6532399,"BAXTER INTERNATIONAL INC","BECTON DICKINSON AND COMPANY"
"8",36.8217620849609,"2003-02-25",6524231,"BAXTER INTERNATIONAL INC","BECTON DICKINSON AND COMPANY"
"9",47.9126815795898,"2003-04-01",6542910,"BAXTER INTERNATIONAL INC","BECTON DICKINSON AND COMPANY"
"10",35.5465927124023,"2003-02-18",6520997,"BAXTER INTERNATIONAL INC","BECTON DICKINSON AND COMPANY"
"11",25.3656826019287,"2003-03-04",6528173,"BAXTER INTERNATIONAL INC","BECTON DICKINSON AND COMPANY"
"12",30.5092906951904,"2003-04-29",6554023,"BAXTER INTERNATIONAL INC","BECTON DICKINSON AND COMPANY"
"13",25.7790451049805,"2003-04-08",6544787,"BAXTER INTERNATIONAL INC","BECTON DICKINSON AND COMPANY"
"14",30.5092906951904,"2003-04-29",6555391,"BAXTER INTERNATIONAL INC","BECTON DICKINSON AND COMPANY"
"15",50.4976768493652,"2003-03-25",6537445,"BAXTER INTERNATIONAL INC","BECTON DICKINSON AND COMPANY"
"16",33.5086936950684,"2003-06-03",6572604,"BAXTER INTERNATIONAL INC","BECTON DICKINSON AND COMPANY"
"17",49.3760566711426,"2003-04-15",6548729,"BAXTER INTERNATIONAL INC","BECTON DICKINSON AND COMPANY"
"18",67.9366226196289,"2003-06-17",6579583,"BAXTER INTERNATIONAL INC","BECTON DICKINSON AND COMPANY"
"19",60.7618026733398,"2003-05-27",6569125,"BAXTER INTERNATIONAL INC","BECTON DICKINSON AND COMPANY"
"20",32.9910354614258,"2003-06-24",6582386,"BAXTER INTERNATIONAL INC","BECTON DICKINSON AND COMPANY"
"21",23.6648807525635,"2003-07-22",6595964,"BAXTER INTERNATIONAL INC","BECTON DICKINSON AND COMPANY"
"22",21.6676998138428,"2003-06-10",6576201,"BAXTER INTERNATIONAL INC","BECTON DICKINSON AND COMPANY"
"23",21.1356582641602,"2003-07-01",6586573,"BAXTER INTERNATIONAL INC","BECTON DICKINSON AND COMPANY"
"24",21.6676998138428,"2003-06-10",6575205,"BAXTER INTERNATIONAL INC","BECTON DICKINSON AND COMPANY"
"25",32.9910354614258,"2003-06-24",6582349,"BAXTER INTERNATIONAL INC","BECTON DICKINSON AND COMPANY"
"26",32.9693565368652,"2003-07-15",6592542,"BAXTER INTERNATIONAL INC","BECTON DICKINSON AND COMPANY"
"27",23.6648807525635,"2003-07-22",6596230,"BAXTER INTERNATIONAL INC","BECTON DICKINSON AND COMPANY"
"28",14.326548576355,"2003-09-02",6613187,"BAXTER INTERNATIONAL INC","BECTON DICKINSON AND COMPANY"
"29",36.2783355712891,"2003-08-12",6604545,"BAXTER INTERNATIONAL INC","BECTON DICKINSON AND COMPANY"
"30",71.9470138549805,"2003-08-26",6610040,"BAXTER INTERNATIONAL INC","BECTON DICKINSON AND COMPANY"
"31",36.4667701721191,"2003-07-29",6599515,"BAXTER INTERNATIONAL INC","BECTON DICKINSON AND COMPANY"
"32",36.8815078735352,"2003-08-05",6601710,"BAXTER INTERNATIONAL INC","BECTON DICKINSON AND COMPANY"
"33",36.8815078735352,"2003-08-05",6602508,"BAXTER INTERNATIONAL INC","BECTON DICKINSON AND COMPANY"
"34",14.326548576355,"2003-09-02",6613336,"BAXTER INTERNATIONAL INC","BECTON DICKINSON AND COMPANY"
"35",36.2783355712891,"2003-08-12",6605076,"BAXTER INTERNATIONAL INC","BECTON DICKINSON AND COMPANY"
"36",14.326548576355,"2003-09-02",6612447,"BAXTER INTERNATIONAL INC","BECTON DICKINSON AND COMPANY"
"37",70.9036026000977,"2003-08-19",6607784,"BAXTER INTERNATIONAL INC","BECTON DICKINSON AND COMPANY"
"38",14.326548576355,"2003-09-02",6613070,"BAXTER INTERNATIONAL INC","BECTON DICKINSON AND COMPANY"
"39",14.326548576355,"2003-09-02",6613566,"BAXTER INTERNATIONAL INC","BECTON DICKINSON AND COMPANY"
"40",76.688346862793,"2003-09-23",6623638,"BAXTER INTERNATIONAL INC","BECTON DICKINSON AND COMPANY"
"41",37.7273101806641,"2003-10-14",6632318,"BAXTER INTERNATIONAL INC","BECTON DICKINSON AND COMPANY"
"42",37.7273101806641,"2003-10-14",6632201,"BAXTER INTERNATIONAL INC","BECTON DICKINSON AND COMPANY"
"43",82.2375946044922,"2003-12-16",6663743,"BAXTER INTERNATIONAL INC","BECTON DICKINSON AND COMPANY"
"44",72.0083847045898,"2003-11-11",6644365,"BAXTER INTERNATIONAL INC","BECTON DICKINSON AND COMPANY"
"45",70.5122604370117,"2003-11-25",6652942,"BAXTER INTERNATIONAL INC","BECTON DICKINSON AND COMPANY"
"46",23.3263168334961,"2003-11-18",6648861,"BAXTER INTERNATIONAL INC","BECTON DICKINSON AND COMPANY"
"47",23.3263168334961,"2003-11-18",6648011,"BAXTER INTERNATIONAL INC","BECTON DICKINSON AND COMPANY"
"48",78.7725677490234,"2003-12-23",6666665,"BAXTER INTERNATIONAL INC","BECTON DICKINSON AND COMPANY"
"49",39.7997589111328,"2004-02-10",6688476,"BAXTER INTERNATIONAL INC","BECTON DICKINSON AND COMPANY"
"50",82.8645401000977,"2003-12-09",6659132,"BAXTER INTERNATIONAL INC","BECTON DICKINSON AND COMPANY"
"51",37.8869476318359,"2004-01-06",6672333,"BAXTER INTERNATIONAL INC","BECTON DICKINSON AND COMPANY"
"52",20.1557807922363,"2003-12-30",6670323,"BAXTER INTERNATIONAL INC","BECTON DICKINSON AND COMPANY"
"53",20.1557807922363,"2003-12-30",6668526,"BAXTER INTERNATIONAL INC","BECTON DICKINSON AND COMPANY"
"54",20.1557807922363,"2003-12-30",6669681,"BAXTER INTERNATIONAL INC","BECTON DICKINSON AND COMPANY"
"55",20.1557807922363,"2003-12-30",6669905,"BAXTER INTERNATIONAL INC","BECTON DICKINSON AND COMPANY"
"56",19.4285297393799,"2004-02-03",6684903,"BAXTER INTERNATIONAL INC","BECTON DICKINSON AND COMPANY"
"57",19.4285297393799,"2004-02-03",6686180,"BAXTER INTERNATIONAL INC","BECTON DICKINSON AND COMPANY"
"58",11.7749547958374,"2004-02-24",6696261,"BAXTER INTERNATIONAL INC","BECTON DICKINSON AND COMPANY"
"59",12.3895673751831,"2004-03-30",6713453,"BAXTER INTERNATIONAL INC","BECTON DICKINSON AND COMPANY"
"60",11.7749547958374,"2004-02-24",6695805,"BAXTER INTERNATIONAL INC","BECTON DICKINSON AND COMPANY"
"61",11.7749547958374,"2004-02-24",6696023,"BAXTER INTERNATIONAL INC","BECTON DICKINSON AND COMPANY"
"62",12.3895673751831,"2004-03-30",6712095,"BAXTER INTERNATIONAL INC","BECTON DICKINSON AND COMPANY"
"63",38.990234375,"2004-04-06",6716004,"BAXTER INTERNATIONAL INC","BECTON DICKINSON AND COMPANY"
"64",19.4895687103271,"2004-03-23",6709428,"BAXTER INTERNATIONAL INC","BECTON DICKINSON AND COMPANY"
"65",19.4895687103271,"2004-03-23",6709412,"BAXTER INTERNATIONAL INC","BECTON DICKINSON AND COMPANY"
"66",21.4310321807861,"2004-05-04",6730660,"BAXTER INTERNATIONAL INC","BECTON DICKINSON AND COMPANY"
"67",47.3422203063965,"2004-04-20",6723062,"BAXTER INTERNATIONAL INC","BECTON DICKINSON AND COMPANY"
"68",40.2185020446777,"2004-04-27",6727101,"BAXTER INTERNATIONAL INC","BECTON DICKINSON AND COMPANY"
"69",20.6169548034668,"2004-06-01",6742760,"BAXTER INTERNATIONAL INC","BECTON DICKINSON AND COMPANY"
"70",20.6169548034668,"2004-06-01",6743523,"BAXTER INTERNATIONAL INC","BECTON DICKINSON AND COMPANY"
"71",14.105673789978,"2004-06-08",6745902,"BAXTER INTERNATIONAL INC","BECTON DICKINSON AND COMPANY"
"72",14.105673789978,"2004-06-08",6746482,"BAXTER INTERNATIONAL INC","BECTON DICKINSON AND COMPANY"
"73",14.105673789978,"2004-06-08",6746514,"BAXTER INTERNATIONAL INC","BECTON DICKINSON AND COMPANY"
"74",43.7408294677734,"2004-07-06",6759007,"BAXTER INTERNATIONAL INC","BECTON DICKINSON AND COMPANY"
"75",36.0843391418457,"2004-08-24",6780333,"BAXTER INTERNATIONAL INC","BECTON DICKINSON AND COMPANY"
"76",13.634840965271,"2004-08-03",6770050,"BAXTER INTERNATIONAL INC","BECTON DICKINSON AND COMPANY"
"77",8.8728551864624,"2004-07-20",6764686,"BAXTER INTERNATIONAL INC","BECTON DICKINSON AND COMPANY"
"78",8.8728551864624,"2004-07-20",6764761,"BAXTER INTERNATIONAL INC","BECTON DICKINSON AND COMPANY"
"79",8.8728551864624,"2004-07-20",6766259,"BAXTER INTERNATIONAL INC","BECTON DICKINSON AND COMPANY"
"80",13.634840965271,"2004-08-03",6769231,"BAXTER INTERNATIONAL INC","BECTON DICKINSON AND COMPANY"
"81",12.7604475021362,"2004-10-05",6800432,"BAXTER INTERNATIONAL INC","BECTON DICKINSON AND COMPANY"
"82",12.7604475021362,"2004-10-05",6800786,"BAXTER INTERNATIONAL INC","BECTON DICKINSON AND COMPANY"
"83",12.7604475021362,"2004-10-05",6800054,"BAXTER INTERNATIONAL INC","BECTON DICKINSON AND COMPANY"
"84",40.019947052002,"2004-09-28",6797729,"BAXTER INTERNATIONAL INC","BECTON DICKINSON AND COMPANY"
"85",42.1008720397949,"2004-10-12",6802982,"BAXTER INTERNATIONAL INC","BECTON DICKINSON AND COMPANY"
"86",39.7101364135742,"2004-11-09",6814547,"BAXTER INTERNATIONAL INC","BECTON DICKINSON AND COMPANY"
"87",37.25,"2004-10-26",6808503,"BAXTER INTERNATIONAL INC","BECTON DICKINSON AND COMPANY"
"88",40.2071266174316,"2004-11-23",6821267,"BAXTER INTERNATIONAL INC","BECTON DICKINSON AND COMPANY"
"89",40.0416679382324,"2005-01-18",6844038,"BAXTER INTERNATIONAL INC","BECTON DICKINSON AND COMPANY"
"90",45.7007713317871,"2004-12-14",6830549,"BAXTER INTERNATIONAL INC","BECTON DICKINSON AND COMPANY"
"91",21.7651443481445,"2004-12-28",6835186,"BAXTER INTERNATIONAL INC","BECTON DICKINSON AND COMPANY"
"92",21.7651443481445,"2004-12-28",6835396,"BAXTER INTERNATIONAL INC","BECTON DICKINSON AND COMPANY"
"93",12.375376701355,"2005-02-15",6855489,"BAXTER INTERNATIONAL INC","BECTON DICKINSON AND COMPANY"
"94",33.2191848754883,"2005-01-25",6846161,"BAXTER INTERNATIONAL INC","BECTON DICKINSON AND COMPANY"
"95",17.4323348999023,"2005-02-08",6852103,"BAXTER INTERNATIONAL INC","BECTON DICKINSON AND COMPANY"
"96",12.375376701355,"2005-02-15",6855120,"BAXTER INTERNATIONAL INC","BECTON DICKINSON AND COMPANY"
"97",13.1753044128418,"2005-03-08",6863083,"BAXTER INTERNATIONAL INC","BECTON DICKINSON AND COMPANY"
"98",13.1753044128418,"2005-03-08",6863261,"BAXTER INTERNATIONAL INC","BECTON DICKINSON AND COMPANY"
"99",13.1753044128418,"2005-03-08",6863821,"BAXTER INTERNATIONAL INC","BECTON DICKINSON AND COMPANY"
"100",12.8300580978394,"2005-03-22",6869617,"BAXTER INTERNATIONAL INC","BECTON DICKINSON AND COMPANY"
"101",17.4323348999023,"2005-02-08",6852099,"BAXTER INTERNATIONAL INC","BECTON DICKINSON AND COMPANY"
"102",39.7937774658203,"2005-02-22",6857318,"BAXTER INTERNATIONAL INC","BECTON DICKINSON AND COMPANY"
"103",11.7116231918335,"2005-03-01",6860846,"BAXTER INTERNATIONAL INC","BECTON DICKINSON AND COMPANY"
"104",19.223352432251,"2005-04-05",6875191,"BAXTER INTERNATIONAL INC","BECTON DICKINSON AND COMPANY"
"105",11.7116231918335,"2005-03-01",6861473,"BAXTER INTERNATIONAL INC","BECTON DICKINSON AND COMPANY"
"106",12.8300580978394,"2005-03-22",6869653,"BAXTER INTERNATIONAL INC","BECTON DICKINSON AND COMPANY"
"107",35.7940864562988,"2005-03-29",6872307,"BAXTER INTERNATIONAL INC","BECTON DICKINSON AND COMPANY"
"108",12.83006,"2005-03-22",6869538,"BAXTER INTERNATIONAL INC","BECTON DICKINSON AND COMPANY"
"109",42.69794,"2005-05-10",6890328,"BAXTER INTERNATIONAL INC","BECTON DICKINSON AND COMPANY"
"110",21.28769,"2005-04-19",6881790,"BAXTER INTERNATIONAL INC","BECTON DICKINSON AND COMPANY"
"111",13.66213,"2005-04-26",6884228,"BAXTER INTERNATIONAL INC","BECTON DICKINSON AND COMPANY"
"112",40.08493,"2005-04-12",6878105,"BAXTER INTERNATIONAL INC","BECTON DICKINSON AND COMPANY"
"113",19.23656,"2005-05-31",6899666,"BAXTER INTERNATIONAL INC","BECTON DICKINSON AND COMPANY"
"114",36.05669,"2005-05-17",6892755,"BAXTER INTERNATIONAL INC","BECTON DICKINSON AND COMPANY"
"115",13.66213,"2005-04-26",6884230,"BAXTER INTERNATIONAL INC","BECTON DICKINSON AND COMPANY"
"116",19.23656,"2005-05-31",6899834,"BAXTER INTERNATIONAL INC","BECTON DICKINSON AND COMPANY"
"117",40.4383,"2005-07-05",6913056,"BAXTER INTERNATIONAL INC","BECTON DICKINSON AND COMPANY"
"118",21.59283,"2005-07-26",6921381,"BAXTER INTERNATIONAL INC","BECTON DICKINSON AND COMPANY"
"119",21.59283,"2005-07-26",6921380,"BAXTER INTERNATIONAL INC","BECTON DICKINSON AND COMPANY"
"120",22.43044,"2005-08-09",6926695,"BAXTER INTERNATIONAL INC","BECTON DICKINSON AND COMPANY"
"121",20.88794,"2005-08-30",6936413,"BAXTER INTERNATIONAL INC","BECTON DICKINSON AND COMPANY"
"122",42.92949,"2005-09-06",6939111,"BAXTER INTERNATIONAL INC","BECTON DICKINSON AND COMPANY"
"123",43.13592,"2005-10-04",6951656,"BAXTER INTERNATIONAL INC","BECTON DICKINSON AND COMPANY"
"124",20.57037,"2005-09-27",6949079,"BAXTER INTERNATIONAL INC","BECTON DICKINSON AND COMPANY"
"125",20.57037,"2005-09-27",6948522,"BAXTER INTERNATIONAL INC","BECTON DICKINSON AND COMPANY"
"126",42.12952,"2005-11-29",6969483,"BAXTER INTERNATIONAL INC","BECTON DICKINSON AND COMPANY"
"127",19.65255,"2005-10-11",6953323,"BAXTER INTERNATIONAL INC","BECTON DICKINSON AND COMPANY"
"128",20.39039,"2005-11-15",6964798,"BAXTER INTERNATIONAL INC","BECTON DICKINSON AND COMPANY"
"129",13.71942,"2005-12-13",6974447,"BAXTER INTERNATIONAL INC","BECTON DICKINSON AND COMPANY"
"130",19.98983,"2005-12-20",6976973,"BAXTER INTERNATIONAL INC","BECTON DICKINSON AND COMPANY"
"131",13.71942,"2005-12-13",6975924,"BAXTER INTERNATIONAL INC","BECTON DICKINSON AND COMPANY"
"132",32.96936,"2003-07-15",6592558,"BAXTER INTERNATIONAL INC","BECTON DICKINSON AND COMPANY"
"133",37.44678,"2005-02-01",6849039,"BAXTER INTERNATIONAL INC","BECTON DICKINSON AND COMPANY"
"134",13.63484,"2004-08-03",6770148,"BAXTER INTERNATIONAL INC","BECTON DICKINSON AND COMPANY"
"135",21.43103,"2004-05-04",6730054,"BAXTER INTERNATIONAL INC","BECTON DICKINSON AND COMPANY"
"136",8.872855,"2004-07-20",6764482,"BAXTER INTERNATIONAL INC","BECTON DICKINSON AND COMPANY"
"137",23.66488,"2003-07-22",6596179,"BAXTER INTERNATIONAL INC","BECTON DICKINSON AND COMPANY"
"138",21.13566,"2003-07-01",6585696,"BAXTER INTERNATIONAL INC","BECTON DICKINSON AND COMPANY"
"139",74.40876,"2003-10-21",6635324,"BAXTER INTERNATIONAL INC","BECTON DICKINSON AND COMPANY"
"140",19.31466,"2005-06-14",6905314,"BAXTER INTERNATIONAL INC","BECTON DICKINSON AND COMPANY"
"141",42.1449,"2004-04-13",6718735,"BAXTER INTERNATIONAL INC","BECTON DICKINSON AND COMPANY"
"142",58.05336,"2003-04-22",6550493,"BAXTER INTERNATIONAL INC","BECTON DICKINSON AND COMPANY"
"143",21.13566,"2003-07-01",6585499,"BAXTER INTERNATIONAL INC","BECTON DICKINSON AND COMPANY"
"144",39.00266,"2004-05-11",6733472,"BAXTER INTERNATIONAL INC","BECTON DICKINSON AND COMPANY"
"145",19.22335,"2005-04-05",6874522,"BAXTER INTERNATIONAL INC","BECTON DICKINSON AND COMPANY"
"146",13.66213,"2005-04-26",6884232,"BAXTER INTERNATIONAL INC","BECTON DICKINSON AND COMPANY"
"147",23.32632,"2003-11-18",6648922,"BAXTER INTERNATIONAL INC","BECTON DICKINSON AND COMPANY"
"148",25.77905,"2003-04-08",6544229,"BAXTER INTERNATIONAL INC","BECTON DICKINSON AND COMPANY"
"149",19.98983,"2005-12-20",6977085,"BAXTER INTERNATIONAL INC","BECTON DICKINSON AND COMPANY"
"150",19.03246,"2004-03-16",6706008,"BAXTER INTERNATIONAL INC","BECTON DICKINSON AND COMPANY"
"151",38.92902,"2005-06-21",6908553,"BAXTER INTERNATIONAL INC","BECTON DICKINSON AND COMPANY"
"152",65.90944,"2003-07-08",6590033,"BAXTER INTERNATIONAL INC","BECTON DICKINSON AND COMPANY"
"153",21.28769,"2005-04-19",6881337,"BAXTER INTERNATIONAL INC","BECTON DICKINSON AND COMPANY"
"154",43.39346,"2005-08-16",6929751,"BAXTER INTERNATIONAL INC","BECTON DICKINSON AND COMPANY"
"155",33.50869,"2003-06-03",6572867,"BAXTER INTERNATIONAL INC","BECTON DICKINSON AND COMPANY"
"156",25.36568,"2003-03-04",6528540,"BAXTER INTERNATIONAL INC","BECTON DICKINSON AND COMPANY"
"157",21.59768,"2005-10-25",6957523,"BAXTER INTERNATIONAL INC","BECTON DICKINSON AND COMPANY"
"158",61.08884,"2003-05-20",6565806,"BAXTER INTERNATIONAL INC","BECTON DICKINSON AND COMPANY"
"159",25.36568,"2003-03-04",6527957,"BAXTER INTERNATIONAL INC","BECTON DICKINSON AND COMPANY"
"160",42.38572,"2004-08-10",6773458,"BAXTER INTERNATIONAL INC","BECTON DICKINSON AND COMPANY"
"161",40.60206,"2004-11-30",6824688,"BAXTER INTERNATIONAL INC","BECTON DICKINSON AND COMPANY"
"162",20.39039,"2005-11-15",6965014,"BAXTER INTERNATIONAL INC","BECTON DICKINSON AND COMPANY"
"163",76.4926147460938,"2003-01-21",6508800,"BAXTER INTERNATIONAL INC","KENNAMETAL INC"
"164",35.5465927124023,"2003-02-18",6520948,"BAXTER INTERNATIONAL INC","KENNAMETAL INC"
"165",36.8217620849609,"2003-02-25",6523698,"BAXTER INTERNATIONAL INC","KENNAMETAL INC"
"166",80.483528137207,"2003-01-14",6506333,"BAXTER INTERNATIONAL INC","KENNAMETAL INC"
"167",80.2239761352539,"2003-01-07",6503453,"BAXTER INTERNATIONAL INC","KENNAMETAL INC"
"168",72.7206726074219,"2003-01-28",6511411,"BAXTER INTERNATIONAL INC","KENNAMETAL INC"
"169",52.0696029663086,"2003-03-11",6532399,"BAXTER INTERNATIONAL INC","KENNAMETAL INC"
"170",36.8217620849609,"2003-02-25",6524231,"BAXTER INTERNATIONAL INC","KENNAMETAL INC"
"171",47.9126815795898,"2003-04-01",6542910,"BAXTER INTERNATIONAL INC","KENNAMETAL INC"
"172",35.5465927124023,"2003-02-18",6520997,"BAXTER INTERNATIONAL INC","KENNAMETAL INC"
"173",25.3656826019287,"2003-03-04",6528173,"BAXTER INTERNATIONAL INC","KENNAMETAL INC"
"174",30.5092906951904,"2003-04-29",6554023,"BAXTER INTERNATIONAL INC","KENNAMETAL INC"
"175",25.7790451049805,"2003-04-08",6544787,"BAXTER INTERNATIONAL INC","KENNAMETAL INC"
"176",30.5092906951904,"2003-04-29",6555391,"BAXTER INTERNATIONAL INC","KENNAMETAL INC"
"177",50.4976768493652,"2003-03-25",6537445,"BAXTER INTERNATIONAL INC","KENNAMETAL INC"
"178",33.5086936950684,"2003-06-03",6572604,"BAXTER INTERNATIONAL INC","KENNAMETAL INC"
"179",49.3760566711426,"2003-04-15",6548729,"BAXTER INTERNATIONAL INC","KENNAMETAL INC"
"180",67.9366226196289,"2003-06-17",6579583,"BAXTER INTERNATIONAL INC","KENNAMETAL INC"
"181",60.7618026733398,"2003-05-27",6569125,"BAXTER INTERNATIONAL INC","KENNAMETAL INC"
"182",32.9910354614258,"2003-06-24",6582386,"BAXTER INTERNATIONAL INC","KENNAMETAL INC"
"183",23.6648807525635,"2003-07-22",6595964,"BAXTER INTERNATIONAL INC","KENNAMETAL INC"
"184",21.6676998138428,"2003-06-10",6576201,"BAXTER INTERNATIONAL INC","KENNAMETAL INC"
"185",21.1356582641602,"2003-07-01",6586573,"BAXTER INTERNATIONAL INC","KENNAMETAL INC"
"186",21.6676998138428,"2003-06-10",6575205,"BAXTER INTERNATIONAL INC","KENNAMETAL INC"
"187",32.9910354614258,"2003-06-24",6582349,"BAXTER INTERNATIONAL INC","KENNAMETAL INC"
"188",32.9693565368652,"2003-07-15",6592542,"BAXTER INTERNATIONAL INC","KENNAMETAL INC"
"189",23.6648807525635,"2003-07-22",6596230,"BAXTER INTERNATIONAL INC","KENNAMETAL INC"
"190",14.326548576355,"2003-09-02",6613187,"BAXTER INTERNATIONAL INC","KENNAMETAL INC"
"191",36.2783355712891,"2003-08-12",6604545,"BAXTER INTERNATIONAL INC","KENNAMETAL INC"
"192",71.9470138549805,"2003-08-26",6610040,"BAXTER INTERNATIONAL INC","KENNAMETAL INC"
"193",36.4667701721191,"2003-07-29",6599515,"BAXTER INTERNATIONAL INC","KENNAMETAL INC"
"194",36.8815078735352,"2003-08-05",6601710,"BAXTER INTERNATIONAL INC","KENNAMETAL INC"
"195",36.8815078735352,"2003-08-05",6602508,"BAXTER INTERNATIONAL INC","KENNAMETAL INC"
"196",14.326548576355,"2003-09-02",6613336,"BAXTER INTERNATIONAL INC","KENNAMETAL INC"
"197",36.2783355712891,"2003-08-12",6605076,"BAXTER INTERNATIONAL INC","KENNAMETAL INC"
"198",14.326548576355,"2003-09-02",6612447,"BAXTER INTERNATIONAL INC","KENNAMETAL INC"
"199",70.9036026000977,"2003-08-19",6607784,"BAXTER INTERNATIONAL INC","KENNAMETAL INC"
"200",14.326548576355,"2003-09-02",6613070,"BAXTER INTERNATIONAL INC","KENNAMETAL INC"
"201",14.326548576355,"2003-09-02",6613566,"BAXTER INTERNATIONAL INC","KENNAMETAL INC"
"202",76.688346862793,"2003-09-23",6623638,"BAXTER INTERNATIONAL INC","KENNAMETAL INC"
"203",37.7273101806641,"2003-10-14",6632318,"BAXTER INTERNATIONAL INC","KENNAMETAL INC"
"204",37.7273101806641,"2003-10-14",6632201,"BAXTER INTERNATIONAL INC","KENNAMETAL INC"
"205",82.2375946044922,"2003-12-16",6663743,"BAXTER INTERNATIONAL INC","KENNAMETAL INC"
"206",72.0083847045898,"2003-11-11",6644365,"BAXTER INTERNATIONAL INC","KENNAMETAL INC"
"207",70.5122604370117,"2003-11-25",6652942,"BAXTER INTERNATIONAL INC","KENNAMETAL INC"
"208",23.3263168334961,"2003-11-18",6648861,"BAXTER INTERNATIONAL INC","KENNAMETAL INC"
"209",23.3263168334961,"2003-11-18",6648011,"BAXTER INTERNATIONAL INC","KENNAMETAL INC"
"210",78.7725677490234,"2003-12-23",6666665,"BAXTER INTERNATIONAL INC","KENNAMETAL INC"
"211",39.7997589111328,"2004-02-10",6688476,"BAXTER INTERNATIONAL INC","KENNAMETAL INC"
"212",82.8645401000977,"2003-12-09",6659132,"BAXTER INTERNATIONAL INC","KENNAMETAL INC"
"213",37.8869476318359,"2004-01-06",6672333,"BAXTER INTERNATIONAL INC","KENNAMETAL INC"
"214",20.1557807922363,"2003-12-30",6670323,"BAXTER INTERNATIONAL INC","KENNAMETAL INC"
"215",20.1557807922363,"2003-12-30",6668526,"BAXTER INTERNATIONAL INC","KENNAMETAL INC"
"216",20.1557807922363,"2003-12-30",6669681,"BAXTER INTERNATIONAL INC","KENNAMETAL INC"
"217",20.1557807922363,"2003-12-30",6669905,"BAXTER INTERNATIONAL INC","KENNAMETAL INC"
"218",19.4285297393799,"2004-02-03",6684903,"BAXTER INTERNATIONAL INC","KENNAMETAL INC"
"219",19.4285297393799,"2004-02-03",6686180,"BAXTER INTERNATIONAL INC","KENNAMETAL INC"
"220",11.7749547958374,"2004-02-24",6696261,"BAXTER INTERNATIONAL INC","KENNAMETAL INC"
"221",12.3895673751831,"2004-03-30",6713453,"BAXTER INTERNATIONAL INC","KENNAMETAL INC"
"222",11.7749547958374,"2004-02-24",6695805,"BAXTER INTERNATIONAL INC","KENNAMETAL INC"
"223",11.7749547958374,"2004-02-24",6696023,"BAXTER INTERNATIONAL INC","KENNAMETAL INC"
"224",12.3895673751831,"2004-03-30",6712095,"BAXTER INTERNATIONAL INC","KENNAMETAL INC"
"225",38.990234375,"2004-04-06",6716004,"BAXTER INTERNATIONAL INC","KENNAMETAL INC"
"226",19.4895687103271,"2004-03-23",6709428,"BAXTER INTERNATIONAL INC","KENNAMETAL INC"
"227",19.4895687103271,"2004-03-23",6709412,"BAXTER INTERNATIONAL INC","KENNAMETAL INC"
"228",21.4310321807861,"2004-05-04",6730660,"BAXTER INTERNATIONAL INC","KENNAMETAL INC"
"229",47.3422203063965,"2004-04-20",6723062,"BAXTER INTERNATIONAL INC","KENNAMETAL INC"
"230",40.2185020446777,"2004-04-27",6727101,"BAXTER INTERNATIONAL INC","KENNAMETAL INC"
"231",20.6169548034668,"2004-06-01",6742760,"BAXTER INTERNATIONAL INC","KENNAMETAL INC"
"232",20.6169548034668,"2004-06-01",6743523,"BAXTER INTERNATIONAL INC","KENNAMETAL INC"
"233",14.105673789978,"2004-06-08",6745902,"BAXTER INTERNATIONAL INC","KENNAMETAL INC"
"234",14.105673789978,"2004-06-08",6746482,"BAXTER INTERNATIONAL INC","KENNAMETAL INC"
"235",14.105673789978,"2004-06-08",6746514,"BAXTER INTERNATIONAL INC","KENNAMETAL INC"
"236",43.7408294677734,"2004-07-06",6759007,"BAXTER INTERNATIONAL INC","KENNAMETAL INC"
"237",36.0843391418457,"2004-08-24",6780333,"BAXTER INTERNATIONAL INC","KENNAMETAL INC"
"238",13.634840965271,"2004-08-03",6770050,"BAXTER INTERNATIONAL INC","KENNAMETAL INC"
"239",8.8728551864624,"2004-07-20",6764686,"BAXTER INTERNATIONAL INC","KENNAMETAL INC"
"240",8.8728551864624,"2004-07-20",6764761,"BAXTER INTERNATIONAL INC","KENNAMETAL INC"
"241",8.8728551864624,"2004-07-20",6766259,"BAXTER INTERNATIONAL INC","KENNAMETAL INC"
"242",13.634840965271,"2004-08-03",6769231,"BAXTER INTERNATIONAL INC","KENNAMETAL INC"
"243",12.7604475021362,"2004-10-05",6800432,"BAXTER INTERNATIONAL INC","KENNAMETAL INC"
"244",12.7604475021362,"2004-10-05",6800786,"BAXTER INTERNATIONAL INC","KENNAMETAL INC"
"245",12.7604475021362,"2004-10-05",6800054,"BAXTER INTERNATIONAL INC","KENNAMETAL INC"
"246",40.019947052002,"2004-09-28",6797729,"BAXTER INTERNATIONAL INC","KENNAMETAL INC"
"247",42.1008720397949,"2004-10-12",6802982,"BAXTER INTERNATIONAL INC","KENNAMETAL INC"
"248",39.7101364135742,"2004-11-09",6814547,"BAXTER INTERNATIONAL INC","KENNAMETAL INC"
"249",37.25,"2004-10-26",6808503,"BAXTER INTERNATIONAL INC","KENNAMETAL INC"
"250",40.2071266174316,"2004-11-23",6821267,"BAXTER INTERNATIONAL INC","KENNAMETAL INC"
"251",40.0416679382324,"2005-01-18",6844038,"BAXTER INTERNATIONAL INC","KENNAMETAL INC"
"252",45.7007713317871,"2004-12-14",6830549,"BAXTER INTERNATIONAL INC","KENNAMETAL INC"
"253",21.7651443481445,"2004-12-28",6835186,"BAXTER INTERNATIONAL INC","KENNAMETAL INC"
"254",21.7651443481445,"2004-12-28",6835396,"BAXTER INTERNATIONAL INC","KENNAMETAL INC"
"255",12.375376701355,"2005-02-15",6855489,"BAXTER INTERNATIONAL INC","KENNAMETAL INC"
"256",33.2191848754883,"2005-01-25",6846161,"BAXTER INTERNATIONAL INC","KENNAMETAL INC"
"257",17.4323348999023,"2005-02-08",6852103,"BAXTER INTERNATIONAL INC","KENNAMETAL INC"
"258",12.375376701355,"2005-02-15",6855120,"BAXTER INTERNATIONAL INC","KENNAMETAL INC"
"259",13.1753044128418,"2005-03-08",6863083,"BAXTER INTERNATIONAL INC","KENNAMETAL INC"
"260",13.1753044128418,"2005-03-08",6863261,"BAXTER INTERNATIONAL INC","KENNAMETAL INC"
"261",13.1753044128418,"2005-03-08",6863821,"BAXTER INTERNATIONAL INC","KENNAMETAL INC"
"262",12.8300580978394,"2005-03-22",6869617,"BAXTER INTERNATIONAL INC","KENNAMETAL INC"
"263",17.4323348999023,"2005-02-08",6852099,"BAXTER INTERNATIONAL INC","KENNAMETAL INC"
"264",39.7937774658203,"2005-02-22",6857318,"BAXTER INTERNATIONAL INC","KENNAMETAL INC"
"265",11.7116231918335,"2005-03-01",6860846,"BAXTER INTERNATIONAL INC","KENNAMETAL INC"
"266",19.223352432251,"2005-04-05",6875191,"BAXTER INTERNATIONAL INC","KENNAMETAL INC"
"267",11.7116231918335,"2005-03-01",6861473,"BAXTER INTERNATIONAL INC","KENNAMETAL INC"
"268",12.8300580978394,"2005-03-22",6869653,"BAXTER INTERNATIONAL INC","KENNAMETAL INC"
"269",35.7940864562988,"2005-03-29",6872307,"BAXTER INTERNATIONAL INC","KENNAMETAL INC"
"270",12.83006,"2005-03-22",6869538,"BAXTER INTERNATIONAL INC","KENNAMETAL INC"
"271",42.69794,"2005-05-10",6890328,"BAXTER INTERNATIONAL INC","KENNAMETAL INC"
"272",21.28769,"2005-04-19",6881790,"BAXTER INTERNATIONAL INC","KENNAMETAL INC"
"273",13.66213,"2005-04-26",6884228,"BAXTER INTERNATIONAL INC","KENNAMETAL INC"
"274",40.08493,"2005-04-12",6878105,"BAXTER INTERNATIONAL INC","KENNAMETAL INC"
"275",19.23656,"2005-05-31",6899666,"BAXTER INTERNATIONAL INC","KENNAMETAL INC"
"276",36.05669,"2005-05-17",6892755,"BAXTER INTERNATIONAL INC","KENNAMETAL INC"
"277",13.66213,"2005-04-26",6884230,"BAXTER INTERNATIONAL INC","KENNAMETAL INC"
"278",19.23656,"2005-05-31",6899834,"BAXTER INTERNATIONAL INC","KENNAMETAL INC"
"279",40.4383,"2005-07-05",6913056,"BAXTER INTERNATIONAL INC","KENNAMETAL INC"
"280",21.59283,"2005-07-26",6921381,"BAXTER INTERNATIONAL INC","KENNAMETAL INC"
"281",21.59283,"2005-07-26",6921380,"BAXTER INTERNATIONAL INC","KENNAMETAL INC"
"282",22.43044,"2005-08-09",6926695,"BAXTER INTERNATIONAL INC","KENNAMETAL INC"
"283",20.88794,"2005-08-30",6936413,"BAXTER INTERNATIONAL INC","KENNAMETAL INC"
"284",42.92949,"2005-09-06",6939111,"BAXTER INTERNATIONAL INC","KENNAMETAL INC"
"285",43.13592,"2005-10-04",6951656,"BAXTER INTERNATIONAL INC","KENNAMETAL INC"
"286",20.57037,"2005-09-27",6949079,"BAXTER INTERNATIONAL INC","KENNAMETAL INC"
"287",20.57037,"2005-09-27",6948522,"BAXTER INTERNATIONAL INC","KENNAMETAL INC"
"288",42.12952,"2005-11-29",6969483,"BAXTER INTERNATIONAL INC","KENNAMETAL INC"
"289",19.65255,"2005-10-11",6953323,"BAXTER INTERNATIONAL INC","KENNAMETAL INC"
"290",20.39039,"2005-11-15",6964798,"BAXTER INTERNATIONAL INC","KENNAMETAL INC"
"291",13.71942,"2005-12-13",6974447,"BAXTER INTERNATIONAL INC","KENNAMETAL INC"
"292",19.98983,"2005-12-20",6976973,"BAXTER INTERNATIONAL INC","KENNAMETAL INC"
"293",13.71942,"2005-12-13",6975924,"BAXTER INTERNATIONAL INC","KENNAMETAL INC"
"294",32.96936,"2003-07-15",6592558,"BAXTER INTERNATIONAL INC","KENNAMETAL INC"
"295",37.44678,"2005-02-01",6849039,"BAXTER INTERNATIONAL INC","KENNAMETAL INC"
"296",13.63484,"2004-08-03",6770148,"BAXTER INTERNATIONAL INC","KENNAMETAL INC"
"297",21.43103,"2004-05-04",6730054,"BAXTER INTERNATIONAL INC","KENNAMETAL INC"
"298",8.872855,"2004-07-20",6764482,"BAXTER INTERNATIONAL INC","KENNAMETAL INC"
"299",23.66488,"2003-07-22",6596179,"BAXTER INTERNATIONAL INC","KENNAMETAL INC"
"300",21.13566,"2003-07-01",6585696,"BAXTER INTERNATIONAL INC","KENNAMETAL INC"
"301",74.40876,"2003-10-21",6635324,"BAXTER INTERNATIONAL INC","KENNAMETAL INC"
"302",19.31466,"2005-06-14",6905314,"BAXTER INTERNATIONAL INC","KENNAMETAL INC"
"303",42.1449,"2004-04-13",6718735,"BAXTER INTERNATIONAL INC","KENNAMETAL INC"
"304",58.05336,"2003-04-22",6550493,"BAXTER INTERNATIONAL INC","KENNAMETAL INC"
"305",21.13566,"2003-07-01",6585499,"BAXTER INTERNATIONAL INC","KENNAMETAL INC"
"306",39.00266,"2004-05-11",6733472,"BAXTER INTERNATIONAL INC","KENNAMETAL INC"
"307",19.22335,"2005-04-05",6874522,"BAXTER INTERNATIONAL INC","KENNAMETAL INC"
"308",13.66213,"2005-04-26",6884232,"BAXTER INTERNATIONAL INC","KENNAMETAL INC"
"309",23.32632,"2003-11-18",6648922,"BAXTER INTERNATIONAL INC","KENNAMETAL INC"
"310",25.77905,"2003-04-08",6544229,"BAXTER INTERNATIONAL INC","KENNAMETAL INC"
"311",19.98983,"2005-12-20",6977085,"BAXTER INTERNATIONAL INC","KENNAMETAL INC"
"312",19.03246,"2004-03-16",6706008,"BAXTER INTERNATIONAL INC","KENNAMETAL INC"
"313",38.92902,"2005-06-21",6908553,"BAXTER INTERNATIONAL INC","KENNAMETAL INC"
"314",65.90944,"2003-07-08",6590033,"BAXTER INTERNATIONAL INC","KENNAMETAL INC"
"315",21.28769,"2005-04-19",6881337,"BAXTER INTERNATIONAL INC","KENNAMETAL INC"
"316",43.39346,"2005-08-16",6929751,"BAXTER INTERNATIONAL INC","KENNAMETAL INC"
"317",33.50869,"2003-06-03",6572867,"BAXTER INTERNATIONAL INC","KENNAMETAL INC"
"318",25.36568,"2003-03-04",6528540,"BAXTER INTERNATIONAL INC","KENNAMETAL INC"
"319",21.59768,"2005-10-25",6957523,"BAXTER INTERNATIONAL INC","KENNAMETAL INC"
"320",61.08884,"2003-05-20",6565806,"BAXTER INTERNATIONAL INC","KENNAMETAL INC"
"321",25.36568,"2003-03-04",6527957,"BAXTER INTERNATIONAL INC","KENNAMETAL INC"
"322",42.38572,"2004-08-10",6773458,"BAXTER INTERNATIONAL INC","KENNAMETAL INC"
"323",40.60206,"2004-11-30",6824688,"BAXTER INTERNATIONAL INC","KENNAMETAL INC"
"324",20.39039,"2005-11-15",6965014,"BAXTER INTERNATIONAL INC","KENNAMETAL INC"
"325",10.865837097168,"2003-02-11",6516953,"BECTON DICKINSON AND COMPANY","BAXTER INTERNATIONAL INC"
"326",10.3061294555664,"2003-01-14",6506181,"BECTON DICKINSON AND COMPANY","BAXTER INTERNATIONAL INC"
"327",10.865837097168,"2003-02-11",6517516,"BECTON DICKINSON AND COMPANY","BAXTER INTERNATIONAL INC"
"328",10.3061294555664,"2003-01-14",6506573,"BECTON DICKINSON AND COMPANY","BAXTER INTERNATIONAL INC"
"329",8.39223670959473,"2003-01-21",6508987,"BECTON DICKINSON AND COMPANY","BAXTER INTERNATIONAL INC"
"330",8.39223670959473,"2003-01-21",6510007,"BECTON DICKINSON AND COMPANY","BAXTER INTERNATIONAL INC"
"331",23.4197597503662,"2003-02-18",6520935,"BECTON DICKINSON AND COMPANY","BAXTER INTERNATIONAL INC"
"332",21.8665924072266,"2003-03-11",6530371,"BECTON DICKINSON AND COMPANY","BAXTER INTERNATIONAL INC"
"333",7.23154211044312,"2003-03-25",6537242,"BECTON DICKINSON AND COMPANY","BAXTER INTERNATIONAL INC"
"334",7.23154211044312,"2003-03-25",6537259,"BECTON DICKINSON AND COMPANY","BAXTER INTERNATIONAL INC"
"335",7.23154211044312,"2003-03-25",6537503,"BECTON DICKINSON AND COMPANY","BAXTER INTERNATIONAL INC"
"336",23.6058807373047,"2003-03-18",6533760,"BECTON DICKINSON AND COMPANY","BAXTER INTERNATIONAL INC"
"337",8.84940624237061,"2003-05-27",6569123,"BECTON DICKINSON AND COMPANY","BAXTER INTERNATIONAL INC"
"338",8.84940624237061,"2003-05-27",6569143,"BECTON DICKINSON AND COMPANY","BAXTER INTERNATIONAL INC"
"339",8.41084003448486,"2003-05-06",6558357,"BECTON DICKINSON AND COMPANY","BAXTER INTERNATIONAL INC"
"340",22.4971084594727,"2003-04-22",6551267,"BECTON DICKINSON AND COMPANY","BAXTER INTERNATIONAL INC"
"341",12.4988765716553,"2003-05-13",6562010,"BECTON DICKINSON AND COMPANY","BAXTER INTERNATIONAL INC"
"342",13.1393604278564,"2003-06-24",6582402,"BECTON DICKINSON AND COMPANY","BAXTER INTERNATIONAL INC"
"343",11.5844135284424,"2003-04-29",6555324,"BECTON DICKINSON AND COMPANY","BAXTER INTERNATIONAL INC"
"344",8.75906467437744,"2003-07-01",6585698,"BECTON DICKINSON AND COMPANY","BAXTER INTERNATIONAL INC"
"345",8.41084003448486,"2003-05-06",6558354,"BECTON DICKINSON AND COMPANY","BAXTER INTERNATIONAL INC"
"346",8.41084003448486,"2003-05-06",6558402,"BECTON DICKINSON AND COMPANY","BAXTER INTERNATIONAL INC"
"347",8.84940624237061,"2003-05-27",6568241,"BECTON DICKINSON AND COMPANY","BAXTER INTERNATIONAL INC"
"348",6.45753765106201,"2003-06-03",6572827,"BECTON DICKINSON AND COMPANY","BAXTER INTERNATIONAL INC"
"349",4.01065444946289,"2003-07-29",6599480,"BECTON DICKINSON AND COMPANY","BAXTER INTERNATIONAL INC"
"350",6.45753765106201,"2003-06-03",6572591,"BECTON DICKINSON AND COMPANY","BAXTER INTERNATIONAL INC"
"351",8.75906467437744,"2003-07-01",6585690,"BECTON DICKINSON AND COMPANY","BAXTER INTERNATIONAL INC"
"352",13.1393604278564,"2003-06-24",6583279,"BECTON DICKINSON AND COMPANY","BAXTER INTERNATIONAL INC"
"353",8.47181797027588,"2003-07-08",6589202,"BECTON DICKINSON AND COMPANY","BAXTER INTERNATIONAL INC"
"354",8.47181797027588,"2003-07-08",6589057,"BECTON DICKINSON AND COMPANY","BAXTER INTERNATIONAL INC"
"355",23.5087947845459,"2003-08-26",6610075,"BECTON DICKINSON AND COMPANY","BAXTER INTERNATIONAL INC"
"356",4.01065444946289,"2003-07-29",6599481,"BECTON DICKINSON AND COMPANY","BAXTER INTERNATIONAL INC"
"357",8.47181797027588,"2003-07-08",6589229,"BECTON DICKINSON AND COMPANY","BAXTER INTERNATIONAL INC"
"358",8.75906467437744,"2003-07-01",6586584,"BECTON DICKINSON AND COMPANY","BAXTER INTERNATIONAL INC"
"359",5.99111890792847,"2003-07-22",6595960,"BECTON DICKINSON AND COMPANY","BAXTER INTERNATIONAL INC"
"360",5.99111890792847,"2003-07-22",6597450,"BECTON DICKINSON AND COMPANY","BAXTER INTERNATIONAL INC"
"361",4.01065444946289,"2003-07-29",6599475,"BECTON DICKINSON AND COMPANY","BAXTER INTERNATIONAL INC"
"362",5.99111890792847,"2003-07-22",6595961,"BECTON DICKINSON AND COMPANY","BAXTER INTERNATIONAL INC"
"363",13.5232057571411,"2003-08-05",6601721,"BECTON DICKINSON AND COMPANY","BAXTER INTERNATIONAL INC"
"364",7.87438011169434,"2003-09-23",6623457,"BECTON DICKINSON AND COMPANY","BAXTER INTERNATIONAL INC"
"365",5.99111890792847,"2003-07-22",6595947,"BECTON DICKINSON AND COMPANY","BAXTER INTERNATIONAL INC"
"366",6.04851531982422,"2003-09-30",6626925,"BECTON DICKINSON AND COMPANY","BAXTER INTERNATIONAL INC"
"367",23.1425113677979,"2003-08-19",6607513,"BECTON DICKINSON AND COMPANY","BAXTER INTERNATIONAL INC"
"368",4.01065444946289,"2003-07-29",6599268,"BECTON DICKINSON AND COMPANY","BAXTER INTERNATIONAL INC"
"369",4.01065444946289,"2003-07-29",6599269,"BECTON DICKINSON AND COMPANY","BAXTER INTERNATIONAL INC"
"370",13.5232057571411,"2003-08-05",6602206,"BECTON DICKINSON AND COMPANY","BAXTER INTERNATIONAL INC"
"371",6.2464075088501,"2003-10-14",6633369,"BECTON DICKINSON AND COMPANY","BAXTER INTERNATIONAL INC"
"372",12.4588918685913,"2003-09-09",6616639,"BECTON DICKINSON AND COMPANY","BAXTER INTERNATIONAL INC"
"373",11.8675918579102,"2003-09-02",6613535,"BECTON DICKINSON AND COMPANY","BAXTER INTERNATIONAL INC"
"374",11.8675918579102,"2003-09-02",6612997,"BECTON DICKINSON AND COMPANY","BAXTER INTERNATIONAL INC"
"375",7.87438011169434,"2003-09-23",6622721,"BECTON DICKINSON AND COMPANY","BAXTER INTERNATIONAL INC"
"376",11.4908409118652,"2003-10-21",6635032,"BECTON DICKINSON AND COMPANY","BAXTER INTERNATIONAL INC"
"377",12.6361532211304,"2003-10-07",6629963,"BECTON DICKINSON AND COMPANY","BAXTER INTERNATIONAL INC"
"378",11.4908409118652,"2003-10-21",6636818,"BECTON DICKINSON AND COMPANY","BAXTER INTERNATIONAL INC"
"379",7.85417509078979,"2003-10-28",6638252,"BECTON DICKINSON AND COMPANY","BAXTER INTERNATIONAL INC"
"380",24.0833148956299,"2003-11-04",6642047,"BECTON DICKINSON AND COMPANY","BAXTER INTERNATIONAL INC"
"381",9.17358112335205,"2003-12-09",6660489,"BECTON DICKINSON AND COMPANY","BAXTER INTERNATIONAL INC"
"382",13.3539743423462,"2003-11-11",6645182,"BECTON DICKINSON AND COMPANY","BAXTER INTERNATIONAL INC"
"383",13.5532388687134,"2003-11-25",6651835,"BECTON DICKINSON AND COMPANY","BAXTER INTERNATIONAL INC"
"384",6.2464075088501,"2003-10-14",6633368,"BECTON DICKINSON AND COMPANY","BAXTER INTERNATIONAL INC"
"385",11.1919384002686,"2004-01-06",6673047,"BECTON DICKINSON AND COMPANY","BAXTER INTERNATIONAL INC"
"386",13.3539743423462,"2003-11-11",6644309,"BECTON DICKINSON AND COMPANY","BAXTER INTERNATIONAL INC"
"387",13.8852519989014,"2003-12-02",6656680,"BECTON DICKINSON AND COMPANY","BAXTER INTERNATIONAL INC"
"388",13.0118103027344,"2003-11-18",6648855,"BECTON DICKINSON AND COMPANY","BAXTER INTERNATIONAL INC"
"389",8.49821853637695,"2003-12-16",6663601,"BECTON DICKINSON AND COMPANY","BAXTER INTERNATIONAL INC"
"390",13.5532388687134,"2003-11-25",6652490,"BECTON DICKINSON AND COMPANY","BAXTER INTERNATIONAL INC"
"391",9.17358112335205,"2003-12-09",6659984,"BECTON DICKINSON AND COMPANY","BAXTER INTERNATIONAL INC"
"392",26.9956970214844,"2003-12-23",6666359,"BECTON DICKINSON AND COMPANY","BAXTER INTERNATIONAL INC"
"393",8.40183353424072,"2004-02-10",6689106,"BECTON DICKINSON AND COMPANY","BAXTER INTERNATIONAL INC"
"394",7.85587644577026,"2004-01-20",6680208,"BECTON DICKINSON AND COMPANY","BAXTER INTERNATIONAL INC"
"395",12.3929004669189,"2004-02-03",6686204,"BECTON DICKINSON AND COMPANY","BAXTER INTERNATIONAL INC"
"396",8.40183353424072,"2004-02-10",6689100,"BECTON DICKINSON AND COMPANY","BAXTER INTERNATIONAL INC"
"397",5.00292682647705,"2004-01-27",6681946,"BECTON DICKINSON AND COMPANY","BAXTER INTERNATIONAL INC"
"398",5.00292682647705,"2004-01-27",6682510,"BECTON DICKINSON AND COMPANY","BAXTER INTERNATIONAL INC"
"399",5.00292682647705,"2004-01-27",6683314,"BECTON DICKINSON AND COMPANY","BAXTER INTERNATIONAL INC"
"400",12.3929004669189,"2004-02-03",6685676,"BECTON DICKINSON AND COMPANY","BAXTER INTERNATIONAL INC"
"401",5.00292682647705,"2004-01-27",6681475,"BECTON DICKINSON AND COMPANY","BAXTER INTERNATIONAL INC"
"402",24.2210292816162,"2004-03-16",6705061,"BECTON DICKINSON AND COMPANY","BAXTER INTERNATIONAL INC"
"403",24.9384803771973,"2004-03-23",6709857,"BECTON DICKINSON AND COMPANY","BAXTER INTERNATIONAL INC"
"404",8.67267513275146,"2004-04-13",6719730,"BECTON DICKINSON AND COMPANY","BAXTER INTERNATIONAL INC"
"405",15.2831354141235,"2004-04-20",6722364,"BECTON DICKINSON AND COMPANY","BAXTER INTERNATIONAL INC"
"406",12.9953079223633,"2004-03-30",6712792,"BECTON DICKINSON AND COMPANY","BAXTER INTERNATIONAL INC"
"407",15.2831354141235,"2004-04-20",6723689,"BECTON DICKINSON AND COMPANY","BAXTER INTERNATIONAL INC"
"408",24.6457023620605,"2004-04-06",6717657,"BECTON DICKINSON AND COMPANY","BAXTER INTERNATIONAL INC"
"409",12.9953079223633,"2004-03-30",6714287,"BECTON DICKINSON AND COMPANY","BAXTER INTERNATIONAL INC"
"410",14.1552381515503,"2004-06-08",6746430,"BECTON DICKINSON AND COMPANY","BAXTER INTERNATIONAL INC"
"411",8.67267513275146,"2004-04-13",6719727,"BECTON DICKINSON AND COMPANY","BAXTER INTERNATIONAL INC"
"412",8.67267513275146,"2004-04-13",6719726,"BECTON DICKINSON AND COMPANY","BAXTER INTERNATIONAL INC"
"413",12.2599315643311,"2004-05-25",6740501,"BECTON DICKINSON AND COMPANY","BAXTER INTERNATIONAL INC"
"414",24.4570541381836,"2004-06-22",6753177,"BECTON DICKINSON AND COMPANY","BAXTER INTERNATIONAL INC"
"415",26.567403793335,"2004-04-27",6726649,"BECTON DICKINSON AND COMPANY","BAXTER INTERNATIONAL INC"
"416",27.6885051727295,"2004-05-04",6730059,"BECTON DICKINSON AND COMPANY","BAXTER INTERNATIONAL INC"
"417",12.2599315643311,"2004-05-25",6740277,"BECTON DICKINSON AND COMPANY","BAXTER INTERNATIONAL INC"
"418",9.0978946685791,"2004-06-01",6743582,"BECTON DICKINSON AND COMPANY","BAXTER INTERNATIONAL INC"
"419",9.0978946685791,"2004-06-01",6743216,"BECTON DICKINSON AND COMPANY","BAXTER INTERNATIONAL INC"
"420",9.19045352935791,"2004-06-15",6750457,"BECTON DICKINSON AND COMPANY","BAXTER INTERNATIONAL INC"
"421",9.19045352935791,"2004-06-15",6749588,"BECTON DICKINSON AND COMPANY","BAXTER INTERNATIONAL INC"
"422",13.4173555374146,"2004-07-13",6761704,"BECTON DICKINSON AND COMPANY","BAXTER INTERNATIONAL INC"
"423",24.5719051361084,"2004-06-29",6755804,"BECTON DICKINSON AND COMPANY","BAXTER INTERNATIONAL INC"
"424",23.4420318603516,"2004-07-27",6767188,"BECTON DICKINSON AND COMPANY","BAXTER INTERNATIONAL INC"
"425",27.4014835357666,"2004-07-06",6759510,"BECTON DICKINSON AND COMPANY","BAXTER INTERNATIONAL INC"
"426",11.8023061752319,"2004-08-24",6780171,"BECTON DICKINSON AND COMPANY","BAXTER INTERNATIONAL INC"
"427",13.4173555374146,"2004-07-13",6762206,"BECTON DICKINSON AND COMPANY","BAXTER INTERNATIONAL INC"
"428",26.4732799530029,"2004-08-03",6770752,"BECTON DICKINSON AND COMPANY","BAXTER INTERNATIONAL INC"
"429",12.1567115783691,"2004-08-17",6776776,"BECTON DICKINSON AND COMPANY","BAXTER INTERNATIONAL INC"
"430",13.8288879394531,"2004-08-31",6782887,"BECTON DICKINSON AND COMPANY","BAXTER INTERNATIONAL INC"
"431",27.0068302154541,"2004-09-14",6790197,"BECTON DICKINSON AND COMPANY","BAXTER INTERNATIONAL INC"
"432",26.5711860656738,"2004-09-07",6788409,"BECTON DICKINSON AND COMPANY","BAXTER INTERNATIONAL INC"
"433",11.8023061752319,"2004-08-24",6780169,"BECTON DICKINSON AND COMPANY","BAXTER INTERNATIONAL INC"
"434",6.59622859954834,"2004-09-21",6793646,"BECTON DICKINSON AND COMPANY","BAXTER INTERNATIONAL INC"
"435",6.59622859954834,"2004-09-21",6792743,"BECTON DICKINSON AND COMPANY","BAXTER INTERNATIONAL INC"
"436",13.0431871414185,"2004-10-12",6803022,"BECTON DICKINSON AND COMPANY","BAXTER INTERNATIONAL INC"
"437",6.59622859954834,"2004-09-21",6792662,"BECTON DICKINSON AND COMPANY","BAXTER INTERNATIONAL INC"
"438",9.02736949920654,"2004-10-26",6808506,"BECTON DICKINSON AND COMPANY","BAXTER INTERNATIONAL INC"
"439",13.0431871414185,"2004-10-12",6802903,"BECTON DICKINSON AND COMPANY","BAXTER INTERNATIONAL INC"
"440",9.0474214553833,"2004-11-16",6819408,"BECTON DICKINSON AND COMPANY","BAXTER INTERNATIONAL INC"
"441",12.4216079711914,"2004-11-02",6813017,"BECTON DICKINSON AND COMPANY","BAXTER INTERNATIONAL INC"
"442",9.02736949920654,"2004-10-26",6808574,"BECTON DICKINSON AND COMPANY","BAXTER INTERNATIONAL INC"
"443",28.2230529785156,"2004-12-28",6835184,"BECTON DICKINSON AND COMPANY","BAXTER INTERNATIONAL INC"
"444",9.0474214553833,"2004-11-16",6818438,"BECTON DICKINSON AND COMPANY","BAXTER INTERNATIONAL INC"
"445",29.6412925720215,"2005-02-01",6849422,"BECTON DICKINSON AND COMPANY","BAXTER INTERNATIONAL INC"
"446",6.52544021606445,"2005-02-15",6855128,"BECTON DICKINSON AND COMPANY","BAXTER INTERNATIONAL INC"
"447",15.1616086959839,"2004-12-07",6826949,"BECTON DICKINSON AND COMPANY","BAXTER INTERNATIONAL INC"
"448",8.49897861480713,"2005-01-04",6837872,"BECTON DICKINSON AND COMPANY","BAXTER INTERNATIONAL INC"
"449",12.49156665802,"2005-01-11",6840291,"BECTON DICKINSON AND COMPANY","BAXTER INTERNATIONAL INC"
"450",12.49156665802,"2005-01-11",6841384,"BECTON DICKINSON AND COMPANY","BAXTER INTERNATIONAL INC"
"451",27.9953327178955,"2004-12-21",6832992,"BECTON DICKINSON AND COMPANY","BAXTER INTERNATIONAL INC"
"452",8.49897861480713,"2005-01-04",6838285,"BECTON DICKINSON AND COMPANY","BAXTER INTERNATIONAL INC"
"453",6.52544021606445,"2005-02-15",6855130,"BECTON DICKINSON AND COMPANY","BAXTER INTERNATIONAL INC"
"454",25.8231220245361,"2005-01-18",6843781,"BECTON DICKINSON AND COMPANY","BAXTER INTERNATIONAL INC"
"455",6.52544021606445,"2005-02-15",6855556,"BECTON DICKINSON AND COMPANY","BAXTER INTERNATIONAL INC"
"456",9.11289978027344,"2005-03-15",6866656,"BECTON DICKINSON AND COMPANY","BAXTER INTERNATIONAL INC"
"457",9.11289978027344,"2005-03-15",6866640,"BECTON DICKINSON AND COMPANY","BAXTER INTERNATIONAL INC"
"458",9.11289978027344,"2005-03-15",6867049,"BECTON DICKINSON AND COMPANY","BAXTER INTERNATIONAL INC"
"459",26.836612701416,"2005-03-22",6869405,"BECTON DICKINSON AND COMPANY","BAXTER INTERNATIONAL INC"
"460",9.17535877227783,"2005-05-10",6890310,"BECTON DICKINSON AND COMPANY","BAXTER INTERNATIONAL INC"
"461",12.80213,"2005-04-19",6881202,"BECTON DICKINSON AND COMPANY","BAXTER INTERNATIONAL INC"
"462",7.467891,"2005-06-14",6904662,"BECTON DICKINSON AND COMPANY","BAXTER INTERNATIONAL INC"
"463",24.76997,"2005-05-24",6897954,"BECTON DICKINSON AND COMPANY","BAXTER INTERNATIONAL INC"
"464",9.175359,"2005-05-10",6890759,"BECTON DICKINSON AND COMPANY","BAXTER INTERNATIONAL INC"
"465",12.80213,"2005-04-19",6880414,"BECTON DICKINSON AND COMPANY","BAXTER INTERNATIONAL INC"
"466",22.01832,"2005-06-21",6908459,"BECTON DICKINSON AND COMPANY","BAXTER INTERNATIONAL INC"
"467",8.335837,"2005-05-31",6899838,"BECTON DICKINSON AND COMPANY","BAXTER INTERNATIONAL INC"
"468",7.467891,"2005-06-14",6905483,"BECTON DICKINSON AND COMPANY","BAXTER INTERNATIONAL INC"
"469",23.00214,"2005-07-05",6914212,"BECTON DICKINSON AND COMPANY","BAXTER INTERNATIONAL INC"
"470",7.871752,"2005-09-06",6939709,"BECTON DICKINSON AND COMPANY","BAXTER INTERNATIONAL INC"
"471",24.99817,"2005-08-16",6929005,"BECTON DICKINSON AND COMPANY","BAXTER INTERNATIONAL INC"
"472",11.6346,"2005-07-12",6916133,"BECTON DICKINSON AND COMPANY","BAXTER INTERNATIONAL INC"
"473",11.6346,"2005-07-12",6916608,"BECTON DICKINSON AND COMPANY","BAXTER INTERNATIONAL INC"
"474",12.84003,"2005-07-26",6921395,"BECTON DICKINSON AND COMPANY","BAXTER INTERNATIONAL INC"
"475",11.49562,"2005-08-23",6932803,"BECTON DICKINSON AND COMPANY","BAXTER INTERNATIONAL INC"
"476",24.03937,"2005-09-13",6944338,"BECTON DICKINSON AND COMPANY","BAXTER INTERNATIONAL INC"
"477",23.95569,"2005-08-09",6926700,"BECTON DICKINSON AND COMPANY","BAXTER INTERNATIONAL INC"
"478",12.59716,"2005-10-04",6951727,"BECTON DICKINSON AND COMPANY","BAXTER INTERNATIONAL INC"
"479",7.979115,"2005-08-30",6936036,"BECTON DICKINSON AND COMPANY","BAXTER INTERNATIONAL INC"
"480",7.871752,"2005-09-06",6939696,"BECTON DICKINSON AND COMPANY","BAXTER INTERNATIONAL INC"
"481",7.871752,"2005-09-06",6939516,"BECTON DICKINSON AND COMPANY","BAXTER INTERNATIONAL INC"
"482",23.65762,"2005-09-20",6945417,"BECTON DICKINSON AND COMPANY","BAXTER INTERNATIONAL INC"
"483",25.75674,"2005-11-22",6967086,"BECTON DICKINSON AND COMPANY","BAXTER INTERNATIONAL INC"
"484",12.59716,"2005-10-04",6952604,"BECTON DICKINSON AND COMPANY","BAXTER INTERNATIONAL INC"
"485",30.87294,"2005-11-01",6960193,"BECTON DICKINSON AND COMPANY","BAXTER INTERNATIONAL INC"
"486",22.06201,"2005-10-25",6957745,"BECTON DICKINSON AND COMPANY","BAXTER INTERNATIONAL INC"
"487",24.94821,"2005-11-29",6969375,"BECTON DICKINSON AND COMPANY","BAXTER INTERNATIONAL INC"
"488",27.74029,"2005-12-13",6974423,"BECTON DICKINSON AND COMPANY","BAXTER INTERNATIONAL INC"
"489",11.19194,"2004-01-06",6672458,"BECTON DICKINSON AND COMPANY","BAXTER INTERNATIONAL INC"
"490",6.52544,"2005-02-15",6855812,"BECTON DICKINSON AND COMPANY","BAXTER INTERNATIONAL INC"
"491",24.48595,"2005-06-28",6910597,"BECTON DICKINSON AND COMPANY","BAXTER INTERNATIONAL INC"
"492",8.498219,"2003-12-16",6662957,"BECTON DICKINSON AND COMPANY","BAXTER INTERNATIONAL INC"
"493",22.97089,"2003-04-08",6544793,"BECTON DICKINSON AND COMPANY","BAXTER INTERNATIONAL INC"
"494",8.335837,"2005-05-31",6899850,"BECTON DICKINSON AND COMPANY","BAXTER INTERNATIONAL INC"
"495",8.401834,"2004-02-10",6689118,"BECTON DICKINSON AND COMPANY","BAXTER INTERNATIONAL INC"
"496",24.20744,"2004-03-09",6702779,"BECTON DICKINSON AND COMPANY","BAXTER INTERNATIONAL INC"
"497",8.335837,"2005-05-31",6900030,"BECTON DICKINSON AND COMPANY","BAXTER INTERNATIONAL INC"
"498",13.88525,"2003-12-02",6656147,"BECTON DICKINSON AND COMPANY","BAXTER INTERNATIONAL INC"
"499",9.190454,"2004-06-15",6749078,"BECTON DICKINSON AND COMPANY","BAXTER INTERNATIONAL INC"
"500",7.979115,"2005-08-30",6936319,"BECTON DICKINSON AND COMPANY","BAXTER INTERNATIONAL INC"
"501",25.91512,"2003-06-10",6576430,"BECTON DICKINSON AND COMPANY","BAXTER INTERNATIONAL INC"
"502",12.49888,"2003-05-13",6562300,"BECTON DICKINSON AND COMPANY","BAXTER INTERNATIONAL INC"
"503",13.29206,"2004-11-23",6821789,"BECTON DICKINSON AND COMPANY","BAXTER INTERNATIONAL INC"
"504",8.498219,"2003-12-16",6663603,"BECTON DICKINSON AND COMPANY","BAXTER INTERNATIONAL INC"
"505",7.979115,"2005-08-30",6936032,"BECTON DICKINSON AND COMPANY","BAXTER INTERNATIONAL INC"
"506",12.61807,"2005-06-07",6902534,"BECTON DICKINSON AND COMPANY","BAXTER INTERNATIONAL INC"
"507",12.63615,"2003-10-07",6629602,"BECTON DICKINSON AND COMPANY","BAXTER INTERNATIONAL INC"
"508",7.855876,"2004-01-20",6679864,"BECTON DICKINSON AND COMPANY","BAXTER INTERNATIONAL INC"
"509",7.855876,"2004-01-20",6679863,"BECTON DICKINSON AND COMPANY","BAXTER INTERNATIONAL INC"
"510",7.467891,"2005-06-14",6905485,"BECTON DICKINSON AND COMPANY","BAXTER INTERNATIONAL INC"
"511",11.49562,"2005-08-23",6932794,"BECTON DICKINSON AND COMPANY","BAXTER INTERNATIONAL INC"
"512",12.42161,"2004-11-02",6811547,"BECTON DICKINSON AND COMPANY","BAXTER INTERNATIONAL INC"
"513",14.15524,"2004-06-08",6746428,"BECTON DICKINSON AND COMPANY","BAXTER INTERNATIONAL INC"
"514",7.87438,"2003-09-23",6623461,"BECTON DICKINSON AND COMPANY","BAXTER INTERNATIONAL INC"
"515",9.173581,"2003-12-09",6659983,"BECTON DICKINSON AND COMPANY","BAXTER INTERNATIONAL INC"
"516",13.01181,"2003-11-18",6648836,"BECTON DICKINSON AND COMPANY","BAXTER INTERNATIONAL INC"
"517",15.16161,"2004-12-07",6827905,"BECTON DICKINSON AND COMPANY","BAXTER INTERNATIONAL INC"
"518",11.65004,"2003-03-04",6527747,"BECTON DICKINSON AND COMPANY","BAXTER INTERNATIONAL INC"
"519",4.010654,"2003-07-29",6598796,"BECTON DICKINSON AND COMPANY","BAXTER INTERNATIONAL INC"
"520",8.392237,"2003-01-21",6508966,"BECTON DICKINSON AND COMPANY","BAXTER INTERNATIONAL INC"
"521",6.246408,"2003-10-14",6632199,"BECTON DICKINSON AND COMPANY","BAXTER INTERNATIONAL INC"
"522",6.246408,"2003-10-14",6632198,"BECTON DICKINSON AND COMPANY","BAXTER INTERNATIONAL INC"
"523",12.45889,"2003-09-09",6617450,"BECTON DICKINSON AND COMPANY","BAXTER INTERNATIONAL INC"
"524",12.15671,"2004-08-17",6776777,"BECTON DICKINSON AND COMPANY","BAXTER INTERNATIONAL INC"
"525",8.498979,"2005-01-04",6837954,"BECTON DICKINSON AND COMPANY","BAXTER INTERNATIONAL INC"
"526",12.61807,"2005-06-07",6904301,"BECTON DICKINSON AND COMPANY","BAXTER INTERNATIONAL INC"
"527",5.002927,"2004-01-27",6682889,"BECTON DICKINSON AND COMPANY","BAXTER INTERNATIONAL INC"
"528",9.175359,"2005-05-10",6892084,"BECTON DICKINSON AND COMPANY","BAXTER INTERNATIONAL INC"
"529",11.58441,"2003-04-29",6555387,"BECTON DICKINSON AND COMPANY","BAXTER INTERNATIONAL INC"
"530",9.097895,"2004-06-01",6743186,"BECTON DICKINSON AND COMPANY","BAXTER INTERNATIONAL INC"
"531",28.44703,"2005-02-22",6859738,"BECTON DICKINSON AND COMPANY","BAXTER INTERNATIONAL INC"
"532",24.7302,"2004-03-02",6699217,"BECTON DICKINSON AND COMPANY","BAXTER INTERNATIONAL INC"
"533",13.29206,"2004-11-23",6821740,"BECTON DICKINSON AND COMPANY","BAXTER INTERNATIONAL INC"
"534",9.027369,"2004-10-26",6809804,"BECTON DICKINSON AND COMPANY","BAXTER INTERNATIONAL INC"
"535",23.22029,"2005-10-11",6953448,"BECTON DICKINSON AND COMPANY","BAXTER INTERNATIONAL INC"
"536",24.98184,"2005-07-19",6920405,"BECTON DICKINSON AND COMPANY","BAXTER INTERNATIONAL INC"
"537",12.84003,"2005-07-26",6922576,"BECTON DICKINSON AND COMPANY","BAXTER INTERNATIONAL INC"
"538",10.865837097168,"2003-02-11",6516953,"BECTON DICKINSON AND COMPANY","KENNAMETAL INC"
"539",10.3061294555664,"2003-01-14",6506181,"BECTON DICKINSON AND COMPANY","KENNAMETAL INC"
"540",10.865837097168,"2003-02-11",6517516,"BECTON DICKINSON AND COMPANY","KENNAMETAL INC"
"541",10.3061294555664,"2003-01-14",6506573,"BECTON DICKINSON AND COMPANY","KENNAMETAL INC"
"542",8.39223670959473,"2003-01-21",6508987,"BECTON DICKINSON AND COMPANY","KENNAMETAL INC"
"543",8.39223670959473,"2003-01-21",6510007,"BECTON DICKINSON AND COMPANY","KENNAMETAL INC"
"544",23.4197597503662,"2003-02-18",6520935,"BECTON DICKINSON AND COMPANY","KENNAMETAL INC"
"545",21.8665924072266,"2003-03-11",6530371,"BECTON DICKINSON AND COMPANY","KENNAMETAL INC"
"546",7.23154211044312,"2003-03-25",6537242,"BECTON DICKINSON AND COMPANY","KENNAMETAL INC"
"547",7.23154211044312,"2003-03-25",6537259,"BECTON DICKINSON AND COMPANY","KENNAMETAL INC"
"548",7.23154211044312,"2003-03-25",6537503,"BECTON DICKINSON AND COMPANY","KENNAMETAL INC"
"549",23.6058807373047,"2003-03-18",6533760,"BECTON DICKINSON AND COMPANY","KENNAMETAL INC"
"550",8.84940624237061,"2003-05-27",6569123,"BECTON DICKINSON AND COMPANY","KENNAMETAL INC"
"551",8.84940624237061,"2003-05-27",6569143,"BECTON DICKINSON AND COMPANY","KENNAMETAL INC"
"552",8.41084003448486,"2003-05-06",6558357,"BECTON DICKINSON AND COMPANY","KENNAMETAL INC"
"553",22.4971084594727,"2003-04-22",6551267,"BECTON DICKINSON AND COMPANY","KENNAMETAL INC"
"554",12.4988765716553,"2003-05-13",6562010,"BECTON DICKINSON AND COMPANY","KENNAMETAL INC"
"555",13.1393604278564,"2003-06-24",6582402,"BECTON DICKINSON AND COMPANY","KENNAMETAL INC"
"556",11.5844135284424,"2003-04-29",6555324,"BECTON DICKINSON AND COMPANY","KENNAMETAL INC"
"557",8.75906467437744,"2003-07-01",6585698,"BECTON DICKINSON AND COMPANY","KENNAMETAL INC"
"558",8.41084003448486,"2003-05-06",6558354,"BECTON DICKINSON AND COMPANY","KENNAMETAL INC"
"559",8.41084003448486,"2003-05-06",6558402,"BECTON DICKINSON AND COMPANY","KENNAMETAL INC"
"560",8.84940624237061,"2003-05-27",6568241,"BECTON DICKINSON AND COMPANY","KENNAMETAL INC"
"561",6.45753765106201,"2003-06-03",6572827,"BECTON DICKINSON AND COMPANY","KENNAMETAL INC"
"562",4.01065444946289,"2003-07-29",6599480,"BECTON DICKINSON AND COMPANY","KENNAMETAL INC"
"563",6.45753765106201,"2003-06-03",6572591,"BECTON DICKINSON AND COMPANY","KENNAMETAL INC"
"564",8.75906467437744,"2003-07-01",6585690,"BECTON DICKINSON AND COMPANY","KENNAMETAL INC"
"565",13.1393604278564,"2003-06-24",6583279,"BECTON DICKINSON AND COMPANY","KENNAMETAL INC"
"566",8.47181797027588,"2003-07-08",6589202,"BECTON DICKINSON AND COMPANY","KENNAMETAL INC"
"567",8.47181797027588,"2003-07-08",6589057,"BECTON DICKINSON AND COMPANY","KENNAMETAL INC"
"568",23.5087947845459,"2003-08-26",6610075,"BECTON DICKINSON AND COMPANY","KENNAMETAL INC"
"569",4.01065444946289,"2003-07-29",6599481,"BECTON DICKINSON AND COMPANY","KENNAMETAL INC"
"570",8.47181797027588,"2003-07-08",6589229,"BECTON DICKINSON AND COMPANY","KENNAMETAL INC"
"571",8.75906467437744,"2003-07-01",6586584,"BECTON DICKINSON AND COMPANY","KENNAMETAL INC"
"572",5.99111890792847,"2003-07-22",6595960,"BECTON DICKINSON AND COMPANY","KENNAMETAL INC"
"573",5.99111890792847,"2003-07-22",6597450,"BECTON DICKINSON AND COMPANY","KENNAMETAL INC"
"574",4.01065444946289,"2003-07-29",6599475,"BECTON DICKINSON AND COMPANY","KENNAMETAL INC"
"575",5.99111890792847,"2003-07-22",6595961,"BECTON DICKINSON AND COMPANY","KENNAMETAL INC"
"576",13.5232057571411,"2003-08-05",6601721,"BECTON DICKINSON AND COMPANY","KENNAMETAL INC"
"577",7.87438011169434,"2003-09-23",6623457,"BECTON DICKINSON AND COMPANY","KENNAMETAL INC"
"578",5.99111890792847,"2003-07-22",6595947,"BECTON DICKINSON AND COMPANY","KENNAMETAL INC"
"579",6.04851531982422,"2003-09-30",6626925,"BECTON DICKINSON AND COMPANY","KENNAMETAL INC"
"580",23.1425113677979,"2003-08-19",6607513,"BECTON DICKINSON AND COMPANY","KENNAMETAL INC"
"581",4.01065444946289,"2003-07-29",6599268,"BECTON DICKINSON AND COMPANY","KENNAMETAL INC"
"582",4.01065444946289,"2003-07-29",6599269,"BECTON DICKINSON AND COMPANY","KENNAMETAL INC"
"583",13.5232057571411,"2003-08-05",6602206,"BECTON DICKINSON AND COMPANY","KENNAMETAL INC"
"584",6.2464075088501,"2003-10-14",6633369,"BECTON DICKINSON AND COMPANY","KENNAMETAL INC"
"585",12.4588918685913,"2003-09-09",6616639,"BECTON DICKINSON AND COMPANY","KENNAMETAL INC"
"586",11.8675918579102,"2003-09-02",6613535,"BECTON DICKINSON AND COMPANY","KENNAMETAL INC"
"587",11.8675918579102,"2003-09-02",6612997,"BECTON DICKINSON AND COMPANY","KENNAMETAL INC"
"588",7.87438011169434,"2003-09-23",6622721,"BECTON DICKINSON AND COMPANY","KENNAMETAL INC"
"589",11.4908409118652,"2003-10-21",6635032,"BECTON DICKINSON AND COMPANY","KENNAMETAL INC"
"590",12.6361532211304,"2003-10-07",6629963,"BECTON DICKINSON AND COMPANY","KENNAMETAL INC"
"591",11.4908409118652,"2003-10-21",6636818,"BECTON DICKINSON AND COMPANY","KENNAMETAL INC"
"592",7.85417509078979,"2003-10-28",6638252,"BECTON DICKINSON AND COMPANY","KENNAMETAL INC"
"593",24.0833148956299,"2003-11-04",6642047,"BECTON DICKINSON AND COMPANY","KENNAMETAL INC"
"594",9.17358112335205,"2003-12-09",6660489,"BECTON DICKINSON AND COMPANY","KENNAMETAL INC"
"595",13.3539743423462,"2003-11-11",6645182,"BECTON DICKINSON AND COMPANY","KENNAMETAL INC"
"596",13.5532388687134,"2003-11-25",6651835,"BECTON DICKINSON AND COMPANY","KENNAMETAL INC"
"597",6.2464075088501,"2003-10-14",6633368,"BECTON DICKINSON AND COMPANY","KENNAMETAL INC"
"598",11.1919384002686,"2004-01-06",6673047,"BECTON DICKINSON AND COMPANY","KENNAMETAL INC"
"599",13.3539743423462,"2003-11-11",6644309,"BECTON DICKINSON AND COMPANY","KENNAMETAL INC"
"600",13.8852519989014,"2003-12-02",6656680,"BECTON DICKINSON AND COMPANY","KENNAMETAL INC"
"601",13.0118103027344,"2003-11-18",6648855,"BECTON DICKINSON AND COMPANY","KENNAMETAL INC"
"602",8.49821853637695,"2003-12-16",6663601,"BECTON DICKINSON AND COMPANY","KENNAMETAL INC"
"603",13.5532388687134,"2003-11-25",6652490,"BECTON DICKINSON AND COMPANY","KENNAMETAL INC"
"604",9.17358112335205,"2003-12-09",6659984,"BECTON DICKINSON AND COMPANY","KENNAMETAL INC"
"605",26.9956970214844,"2003-12-23",6666359,"BECTON DICKINSON AND COMPANY","KENNAMETAL INC"
"606",8.40183353424072,"2004-02-10",6689106,"BECTON DICKINSON AND COMPANY","KENNAMETAL INC"
"607",7.85587644577026,"2004-01-20",6680208,"BECTON DICKINSON AND COMPANY","KENNAMETAL INC"
"608",12.3929004669189,"2004-02-03",6686204,"BECTON DICKINSON AND COMPANY","KENNAMETAL INC"
"609",8.40183353424072,"2004-02-10",6689100,"BECTON DICKINSON AND COMPANY","KENNAMETAL INC"
"610",5.00292682647705,"2004-01-27",6681946,"BECTON DICKINSON AND COMPANY","KENNAMETAL INC"
"611",5.00292682647705,"2004-01-27",6682510,"BECTON DICKINSON AND COMPANY","KENNAMETAL INC"
"612",5.00292682647705,"2004-01-27",6683314,"BECTON DICKINSON AND COMPANY","KENNAMETAL INC"
"613",12.3929004669189,"2004-02-03",6685676,"BECTON DICKINSON AND COMPANY","KENNAMETAL INC"
"614",5.00292682647705,"2004-01-27",6681475,"BECTON DICKINSON AND COMPANY","KENNAMETAL INC"
"615",24.2210292816162,"2004-03-16",6705061,"BECTON DICKINSON AND COMPANY","KENNAMETAL INC"
"616",24.9384803771973,"2004-03-23",6709857,"BECTON DICKINSON AND COMPANY","KENNAMETAL INC"
"617",8.67267513275146,"2004-04-13",6719730,"BECTON DICKINSON AND COMPANY","KENNAMETAL INC"
"618",15.2831354141235,"2004-04-20",6722364,"BECTON DICKINSON AND COMPANY","KENNAMETAL INC"
"619",12.9953079223633,"2004-03-30",6712792,"BECTON DICKINSON AND COMPANY","KENNAMETAL INC"
"620",15.2831354141235,"2004-04-20",6723689,"BECTON DICKINSON AND COMPANY","KENNAMETAL INC"
"621",24.6457023620605,"2004-04-06",6717657,"BECTON DICKINSON AND COMPANY","KENNAMETAL INC"
"622",12.9953079223633,"2004-03-30",6714287,"BECTON DICKINSON AND COMPANY","KENNAMETAL INC"
"623",14.1552381515503,"2004-06-08",6746430,"BECTON DICKINSON AND COMPANY","KENNAMETAL INC"
"624",8.67267513275146,"2004-04-13",6719727,"BECTON DICKINSON AND COMPANY","KENNAMETAL INC"
"625",8.67267513275146,"2004-04-13",6719726,"BECTON DICKINSON AND COMPANY","KENNAMETAL INC"
"626",12.2599315643311,"2004-05-25",6740501,"BECTON DICKINSON AND COMPANY","KENNAMETAL INC"
"627",24.4570541381836,"2004-06-22",6753177,"BECTON DICKINSON AND COMPANY","KENNAMETAL INC"
"628",26.567403793335,"2004-04-27",6726649,"BECTON DICKINSON AND COMPANY","KENNAMETAL INC"
"629",27.6885051727295,"2004-05-04",6730059,"BECTON DICKINSON AND COMPANY","KENNAMETAL INC"
"630",12.2599315643311,"2004-05-25",6740277,"BECTON DICKINSON AND COMPANY","KENNAMETAL INC"
"631",9.0978946685791,"2004-06-01",6743582,"BECTON DICKINSON AND COMPANY","KENNAMETAL INC"
"632",9.0978946685791,"2004-06-01",6743216,"BECTON DICKINSON AND COMPANY","KENNAMETAL INC"
"633",9.19045352935791,"2004-06-15",6750457,"BECTON DICKINSON AND COMPANY","KENNAMETAL INC"
"634",9.19045352935791,"2004-06-15",6749588,"BECTON DICKINSON AND COMPANY","KENNAMETAL INC"
"635",13.4173555374146,"2004-07-13",6761704,"BECTON DICKINSON AND COMPANY","KENNAMETAL INC"
"636",24.5719051361084,"2004-06-29",6755804,"BECTON DICKINSON AND COMPANY","KENNAMETAL INC"
"637",23.4420318603516,"2004-07-27",6767188,"BECTON DICKINSON AND COMPANY","KENNAMETAL INC"
"638",27.4014835357666,"2004-07-06",6759510,"BECTON DICKINSON AND COMPANY","KENNAMETAL INC"
"639",11.8023061752319,"2004-08-24",6780171,"BECTON DICKINSON AND COMPANY","KENNAMETAL INC"
"640",13.4173555374146,"2004-07-13",6762206,"BECTON DICKINSON AND COMPANY","KENNAMETAL INC"
"641",26.4732799530029,"2004-08-03",6770752,"BECTON DICKINSON AND COMPANY","KENNAMETAL INC"
"642",12.1567115783691,"2004-08-17",6776776,"BECTON DICKINSON AND COMPANY","KENNAMETAL INC"
"643",13.8288879394531,"2004-08-31",6782887,"BECTON DICKINSON AND COMPANY","KENNAMETAL INC"
"644",27.0068302154541,"2004-09-14",6790197,"BECTON DICKINSON AND COMPANY","KENNAMETAL INC"
"645",26.5711860656738,"2004-09-07",6788409,"BECTON DICKINSON AND COMPANY","KENNAMETAL INC"
"646",11.8023061752319,"2004-08-24",6780169,"BECTON DICKINSON AND COMPANY","KENNAMETAL INC"
"647",6.59622859954834,"2004-09-21",6793646,"BECTON DICKINSON AND COMPANY","KENNAMETAL INC"
"648",6.59622859954834,"2004-09-21",6792743,"BECTON DICKINSON AND COMPANY","KENNAMETAL INC"
"649",13.0431871414185,"2004-10-12",6803022,"BECTON DICKINSON AND COMPANY","KENNAMETAL INC"
"650",6.59622859954834,"2004-09-21",6792662,"BECTON DICKINSON AND COMPANY","KENNAMETAL INC"
"651",9.02736949920654,"2004-10-26",6808506,"BECTON DICKINSON AND COMPANY","KENNAMETAL INC"
"652",13.0431871414185,"2004-10-12",6802903,"BECTON DICKINSON AND COMPANY","KENNAMETAL INC"
"653",9.0474214553833,"2004-11-16",6819408,"BECTON DICKINSON AND COMPANY","KENNAMETAL INC"
"654",12.4216079711914,"2004-11-02",6813017,"BECTON DICKINSON AND COMPANY","KENNAMETAL INC"
"655",9.02736949920654,"2004-10-26",6808574,"BECTON DICKINSON AND COMPANY","KENNAMETAL INC"
"656",28.2230529785156,"2004-12-28",6835184,"BECTON DICKINSON AND COMPANY","KENNAMETAL INC"
"657",9.0474214553833,"2004-11-16",6818438,"BECTON DICKINSON AND COMPANY","KENNAMETAL INC"
"658",29.6412925720215,"2005-02-01",6849422,"BECTON DICKINSON AND COMPANY","KENNAMETAL INC"
"659",6.52544021606445,"2005-02-15",6855128,"BECTON DICKINSON AND COMPANY","KENNAMETAL INC"
"660",15.1616086959839,"2004-12-07",6826949,"BECTON DICKINSON AND COMPANY","KENNAMETAL INC"
"661",8.49897861480713,"2005-01-04",6837872,"BECTON DICKINSON AND COMPANY","KENNAMETAL INC"
"662",12.49156665802,"2005-01-11",6840291,"BECTON DICKINSON AND COMPANY","KENNAMETAL INC"
"663",12.49156665802,"2005-01-11",6841384,"BECTON DICKINSON AND COMPANY","KENNAMETAL INC"
"664",27.9953327178955,"2004-12-21",6832992,"BECTON DICKINSON AND COMPANY","KENNAMETAL INC"
"665",8.49897861480713,"2005-01-04",6838285,"BECTON DICKINSON AND COMPANY","KENNAMETAL INC"
"666",6.52544021606445,"2005-02-15",6855130,"BECTON DICKINSON AND COMPANY","KENNAMETAL INC"
"667",25.8231220245361,"2005-01-18",6843781,"BECTON DICKINSON AND COMPANY","KENNAMETAL INC"
"668",6.52544021606445,"2005-02-15",6855556,"BECTON DICKINSON AND COMPANY","KENNAMETAL INC"
"669",9.11289978027344,"2005-03-15",6866656,"BECTON DICKINSON AND COMPANY","KENNAMETAL INC"
"670",9.11289978027344,"2005-03-15",6866640,"BECTON DICKINSON AND COMPANY","KENNAMETAL INC"
"671",9.11289978027344,"2005-03-15",6867049,"BECTON DICKINSON AND COMPANY","KENNAMETAL INC"
"672",26.836612701416,"2005-03-22",6869405,"BECTON DICKINSON AND COMPANY","KENNAMETAL INC"
"673",9.17535877227783,"2005-05-10",6890310,"BECTON DICKINSON AND COMPANY","KENNAMETAL INC"
"674",12.80213,"2005-04-19",6881202,"BECTON DICKINSON AND COMPANY","KENNAMETAL INC"
"675",7.467891,"2005-06-14",6904662,"BECTON DICKINSON AND COMPANY","KENNAMETAL INC"
"676",24.76997,"2005-05-24",6897954,"BECTON DICKINSON AND COMPANY","KENNAMETAL INC"
"677",9.175359,"2005-05-10",6890759,"BECTON DICKINSON AND COMPANY","KENNAMETAL INC"
"678",12.80213,"2005-04-19",6880414,"BECTON DICKINSON AND COMPANY","KENNAMETAL INC"
"679",22.01832,"2005-06-21",6908459,"BECTON DICKINSON AND COMPANY","KENNAMETAL INC"
"680",8.335837,"2005-05-31",6899838,"BECTON DICKINSON AND COMPANY","KENNAMETAL INC"
"681",7.467891,"2005-06-14",6905483,"BECTON DICKINSON AND COMPANY","KENNAMETAL INC"
"682",23.00214,"2005-07-05",6914212,"BECTON DICKINSON AND COMPANY","KENNAMETAL INC"
"683",7.871752,"2005-09-06",6939709,"BECTON DICKINSON AND COMPANY","KENNAMETAL INC"
"684",24.99817,"2005-08-16",6929005,"BECTON DICKINSON AND COMPANY","KENNAMETAL INC"
"685",11.6346,"2005-07-12",6916133,"BECTON DICKINSON AND COMPANY","KENNAMETAL INC"
"686",11.6346,"2005-07-12",6916608,"BECTON DICKINSON AND COMPANY","KENNAMETAL INC"
"687",12.84003,"2005-07-26",6921395,"BECTON DICKINSON AND COMPANY","KENNAMETAL INC"
"688",11.49562,"2005-08-23",6932803,"BECTON DICKINSON AND COMPANY","KENNAMETAL INC"
"689",24.03937,"2005-09-13",6944338,"BECTON DICKINSON AND COMPANY","KENNAMETAL INC"
"690",23.95569,"2005-08-09",6926700,"BECTON DICKINSON AND COMPANY","KENNAMETAL INC"
"691",12.59716,"2005-10-04",6951727,"BECTON DICKINSON AND COMPANY","KENNAMETAL INC"
"692",7.979115,"2005-08-30",6936036,"BECTON DICKINSON AND COMPANY","KENNAMETAL INC"
"693",7.871752,"2005-09-06",6939696,"BECTON DICKINSON AND COMPANY","KENNAMETAL INC"
"694",7.871752,"2005-09-06",6939516,"BECTON DICKINSON AND COMPANY","KENNAMETAL INC"
"695",23.65762,"2005-09-20",6945417,"BECTON DICKINSON AND COMPANY","KENNAMETAL INC"
"696",25.75674,"2005-11-22",6967086,"BECTON DICKINSON AND COMPANY","KENNAMETAL INC"
"697",12.59716,"2005-10-04",6952604,"BECTON DICKINSON AND COMPANY","KENNAMETAL INC"
"698",30.87294,"2005-11-01",6960193,"BECTON DICKINSON AND COMPANY","KENNAMETAL INC"
"699",22.06201,"2005-10-25",6957745,"BECTON DICKINSON AND COMPANY","KENNAMETAL INC"
"700",24.94821,"2005-11-29",6969375,"BECTON DICKINSON AND COMPANY","KENNAMETAL INC"
"701",27.74029,"2005-12-13",6974423,"BECTON DICKINSON AND COMPANY","KENNAMETAL INC"
"702",11.19194,"2004-01-06",6672458,"BECTON DICKINSON AND COMPANY","KENNAMETAL INC"
"703",6.52544,"2005-02-15",6855812,"BECTON DICKINSON AND COMPANY","KENNAMETAL INC"
"704",24.48595,"2005-06-28",6910597,"BECTON DICKINSON AND COMPANY","KENNAMETAL INC"
"705",8.498219,"2003-12-16",6662957,"BECTON DICKINSON AND COMPANY","KENNAMETAL INC"
"706",22.97089,"2003-04-08",6544793,"BECTON DICKINSON AND COMPANY","KENNAMETAL INC"
"707",8.335837,"2005-05-31",6899850,"BECTON DICKINSON AND COMPANY","KENNAMETAL INC"
"708",8.401834,"2004-02-10",6689118,"BECTON DICKINSON AND COMPANY","KENNAMETAL INC"
"709",24.20744,"2004-03-09",6702779,"BECTON DICKINSON AND COMPANY","KENNAMETAL INC"
"710",8.335837,"2005-05-31",6900030,"BECTON DICKINSON AND COMPANY","KENNAMETAL INC"
"711",13.88525,"2003-12-02",6656147,"BECTON DICKINSON AND COMPANY","KENNAMETAL INC"
"712",9.190454,"2004-06-15",6749078,"BECTON DICKINSON AND COMPANY","KENNAMETAL INC"
"713",7.979115,"2005-08-30",6936319,"BECTON DICKINSON AND COMPANY","KENNAMETAL INC"
"714",25.91512,"2003-06-10",6576430,"BECTON DICKINSON AND COMPANY","KENNAMETAL INC"
"715",12.49888,"2003-05-13",6562300,"BECTON DICKINSON AND COMPANY","KENNAMETAL INC"
"716",13.29206,"2004-11-23",6821789,"BECTON DICKINSON AND COMPANY","KENNAMETAL INC"
"717",8.498219,"2003-12-16",6663603,"BECTON DICKINSON AND COMPANY","KENNAMETAL INC"
"718",7.979115,"2005-08-30",6936032,"BECTON DICKINSON AND COMPANY","KENNAMETAL INC"
"719",12.61807,"2005-06-07",6902534,"BECTON DICKINSON AND COMPANY","KENNAMETAL INC"
"720",12.63615,"2003-10-07",6629602,"BECTON DICKINSON AND COMPANY","KENNAMETAL INC"
"721",7.855876,"2004-01-20",6679864,"BECTON DICKINSON AND COMPANY","KENNAMETAL INC"
"722",7.855876,"2004-01-20",6679863,"BECTON DICKINSON AND COMPANY","KENNAMETAL INC"
"723",7.467891,"2005-06-14",6905485,"BECTON DICKINSON AND COMPANY","KENNAMETAL INC"
"724",11.49562,"2005-08-23",6932794,"BECTON DICKINSON AND COMPANY","KENNAMETAL INC"
"725",12.42161,"2004-11-02",6811547,"BECTON DICKINSON AND COMPANY","KENNAMETAL INC"
"726",14.15524,"2004-06-08",6746428,"BECTON DICKINSON AND COMPANY","KENNAMETAL INC"
"727",7.87438,"2003-09-23",6623461,"BECTON DICKINSON AND COMPANY","KENNAMETAL INC"
"728",9.173581,"2003-12-09",6659983,"BECTON DICKINSON AND COMPANY","KENNAMETAL INC"
"729",13.01181,"2003-11-18",6648836,"BECTON DICKINSON AND COMPANY","KENNAMETAL INC"
"730",15.16161,"2004-12-07",6827905,"BECTON DICKINSON AND COMPANY","KENNAMETAL INC"
"731",11.65004,"2003-03-04",6527747,"BECTON DICKINSON AND COMPANY","KENNAMETAL INC"
"732",4.010654,"2003-07-29",6598796,"BECTON DICKINSON AND COMPANY","KENNAMETAL INC"
"733",8.392237,"2003-01-21",6508966,"BECTON DICKINSON AND COMPANY","KENNAMETAL INC"
"734",6.246408,"2003-10-14",6632199,"BECTON DICKINSON AND COMPANY","KENNAMETAL INC"
"735",6.246408,"2003-10-14",6632198,"BECTON DICKINSON AND COMPANY","KENNAMETAL INC"
"736",12.45889,"2003-09-09",6617450,"BECTON DICKINSON AND COMPANY","KENNAMETAL INC"
"737",12.15671,"2004-08-17",6776777,"BECTON DICKINSON AND COMPANY","KENNAMETAL INC"
"738",8.498979,"2005-01-04",6837954,"BECTON DICKINSON AND COMPANY","KENNAMETAL INC"
"739",12.61807,"2005-06-07",6904301,"BECTON DICKINSON AND COMPANY","KENNAMETAL INC"
"740",5.002927,"2004-01-27",6682889,"BECTON DICKINSON AND COMPANY","KENNAMETAL INC"
"741",9.175359,"2005-05-10",6892084,"BECTON DICKINSON AND COMPANY","KENNAMETAL INC"
"742",11.58441,"2003-04-29",6555387,"BECTON DICKINSON AND COMPANY","KENNAMETAL INC"
"743",9.097895,"2004-06-01",6743186,"BECTON DICKINSON AND COMPANY","KENNAMETAL INC"
"744",28.44703,"2005-02-22",6859738,"BECTON DICKINSON AND COMPANY","KENNAMETAL INC"
"745",24.7302,"2004-03-02",6699217,"BECTON DICKINSON AND COMPANY","KENNAMETAL INC"
"746",13.29206,"2004-11-23",6821740,"BECTON DICKINSON AND COMPANY","KENNAMETAL INC"
"747",9.027369,"2004-10-26",6809804,"BECTON DICKINSON AND COMPANY","KENNAMETAL INC"
"748",23.22029,"2005-10-11",6953448,"BECTON DICKINSON AND COMPANY","KENNAMETAL INC"
"749",24.98184,"2005-07-19",6920405,"BECTON DICKINSON AND COMPANY","KENNAMETAL INC"
"750",12.84003,"2005-07-26",6922576,"BECTON DICKINSON AND COMPANY","KENNAMETAL INC"
"751",3.38729572296143,"2003-01-14",6506003,"KENNAMETAL INC","BAXTER INTERNATIONAL INC"
"752",2.97111940383911,"2003-03-11",6530726,"KENNAMETAL INC","BAXTER INTERNATIONAL INC"
"753",3.20701622962952,"2003-01-21",6508612,"KENNAMETAL INC","BAXTER INTERNATIONAL INC"
"754",2.78546524047852,"2003-04-08",6543318,"KENNAMETAL INC","BAXTER INTERNATIONAL INC"
"755",2.93854236602783,"2003-05-06",6558086,"KENNAMETAL INC","BAXTER INTERNATIONAL INC"
"756",3.28315329551697,"2003-06-10",6575671,"KENNAMETAL INC","BAXTER INTERNATIONAL INC"
"757",2.69410824775696,"2003-04-22",6551375,"KENNAMETAL INC","BAXTER INTERNATIONAL INC"
"758",3.37965774536133,"2003-06-17",6579043,"KENNAMETAL INC","BAXTER INTERNATIONAL INC"
"759",3.79398465156555,"2003-08-12",6604893,"KENNAMETAL INC","BAXTER INTERNATIONAL INC"
"760",3.21937537193298,"2003-06-24",6582164,"KENNAMETAL INC","BAXTER INTERNATIONAL INC"
"761",3.47688841819763,"2003-08-05",6602029,"KENNAMETAL INC","BAXTER INTERNATIONAL INC"
"762",3.47932863235474,"2003-07-22",6595305,"KENNAMETAL INC","BAXTER INTERNATIONAL INC"
"763",1.81721484661102,"2003-07-29",6599061,"KENNAMETAL INC","BAXTER INTERNATIONAL INC"
"764",3.47212219238281,"2003-09-30",6625894,"KENNAMETAL INC","BAXTER INTERNATIONAL INC"
"765",3.60365390777588,"2003-09-02",6612787,"KENNAMETAL INC","BAXTER INTERNATIONAL INC"
"766",1.83127975463867,"2003-08-26",6609858,"KENNAMETAL INC","BAXTER INTERNATIONAL INC"
"767",1.84815001487732,"2003-09-16",6619165,"KENNAMETAL INC","BAXTER INTERNATIONAL INC"
"768",3.70782089233398,"2003-11-04",6640731,"KENNAMETAL INC","BAXTER INTERNATIONAL INC"
"769",1.89800560474396,"2003-12-09",6660329,"KENNAMETAL INC","BAXTER INTERNATIONAL INC"
"770",3.88005375862122,"2003-10-14",6632050,"KENNAMETAL INC","BAXTER INTERNATIONAL INC"
"771",3.20933055877686,"2003-10-28",6638474,"KENNAMETAL INC","BAXTER INTERNATIONAL INC"
"772",1.89800560474396,"2003-12-09",6660133,"KENNAMETAL INC","BAXTER INTERNATIONAL INC"
"773",1.9004590511322,"2003-12-02",6655882,"KENNAMETAL INC","BAXTER INTERNATIONAL INC"
"774",2.96341156959534,"2004-02-10",6688817,"KENNAMETAL INC","BAXTER INTERNATIONAL INC"
"775",3.24382400512695,"2004-01-13",6676339,"KENNAMETAL INC","BAXTER INTERNATIONAL INC"
"776",2.96259784698486,"2004-02-03",6684968,"KENNAMETAL INC","BAXTER INTERNATIONAL INC"
"777",2.99112725257874,"2004-02-17",6693054,"KENNAMETAL INC","BAXTER INTERNATIONAL INC"
"778",1.53742492198944,"2004-03-09",6702526,"KENNAMETAL INC","BAXTER INTERNATIONAL INC"
"779",1.53742492198944,"2004-03-09",6702525,"KENNAMETAL INC","BAXTER INTERNATIONAL INC"
"780",1.49752867221832,"2004-05-25",6739808,"KENNAMETAL INC","BAXTER INTERNATIONAL INC"
"781",1.49752867221832,"2004-05-25",6739809,"KENNAMETAL INC","BAXTER INTERNATIONAL INC"
"782",3.21491694450378,"2004-04-20",6722823,"KENNAMETAL INC","BAXTER INTERNATIONAL INC"
"783",3.22638177871704,"2004-06-08",6745709,"KENNAMETAL INC","BAXTER INTERNATIONAL INC"
"784",1.05907595157623,"2004-06-01",6742970,"KENNAMETAL INC","BAXTER INTERNATIONAL INC"
"785",2.80970549583435,"2004-08-24",6780116,"KENNAMETAL INC","BAXTER INTERNATIONAL INC"
"786",2.95804071426392,"2004-07-20",6764140,"KENNAMETAL INC","BAXTER INTERNATIONAL INC"
"787",2.92102766036987,"2004-08-03",6769844,"KENNAMETAL INC","BAXTER INTERNATIONAL INC"
"788",1.43603837490082,"2004-08-10",6773209,"KENNAMETAL INC","BAXTER INTERNATIONAL INC"
"789",1.64470398426056,"2004-09-07",6786557,"KENNAMETAL INC","BAXTER INTERNATIONAL INC"
"790",3.72855567932129,"2004-11-30",6824225,"KENNAMETAL INC","BAXTER INTERNATIONAL INC"
"791",1.96236753463745,"2005-02-15",6854810,"KENNAMETAL INC","BAXTER INTERNATIONAL INC"
"792",1.94732594490051,"2005-02-22",6857861,"KENNAMETAL INC","BAXTER INTERNATIONAL INC"
"793",3.90665459632874,"2005-03-01",6860344,"KENNAMETAL INC","BAXTER INTERNATIONAL INC"
"794",1.94732594490051,"2005-02-22",6858333,"KENNAMETAL INC","BAXTER INTERNATIONAL INC"
"795",1.96236753463745,"2005-02-15",6854527,"KENNAMETAL INC","BAXTER INTERNATIONAL INC"
"796",3.82059454917908,"2005-02-08",6851758,"KENNAMETAL INC","BAXTER INTERNATIONAL INC"
"797",4.03868341445923,"2005-03-15",6866921,"KENNAMETAL INC","BAXTER INTERNATIONAL INC"
"798",3.43804,"2005-05-10",6890655,"KENNAMETAL INC","BAXTER INTERNATIONAL INC"
"799",3.444846,"2005-04-26",6884499,"KENNAMETAL INC","BAXTER INTERNATIONAL INC"
"800",3.886945,"2005-04-12",6877406,"KENNAMETAL INC","BAXTER INTERNATIONAL INC"
"801",3.606093,"2005-05-03",6886645,"KENNAMETAL INC","BAXTER INTERNATIONAL INC"
"802",1.839704,"2005-08-16",6929426,"KENNAMETAL INC","BAXTER INTERNATIONAL INC"
"803",3.748907,"2005-06-21",6908688,"KENNAMETAL INC","BAXTER INTERNATIONAL INC"
"804",3.685051,"2005-07-05",6913427,"KENNAMETAL INC","BAXTER INTERNATIONAL INC"
"805",1.839704,"2005-08-16",6929434,"KENNAMETAL INC","BAXTER INTERNATIONAL INC"
"806",3.98272,"2005-09-20",6945340,"KENNAMETAL INC","BAXTER INTERNATIONAL INC"
"807",4.467749,"2005-12-20",6976811,"KENNAMETAL INC","BAXTER INTERNATIONAL INC"
"808",4.451928,"2005-11-08",6962395,"KENNAMETAL INC","BAXTER INTERNATIONAL INC"
"809",4.341028,"2005-11-15",6964933,"KENNAMETAL INC","BAXTER INTERNATIONAL INC"
"810",2.181563,"2005-11-22",6966270,"KENNAMETAL INC","BAXTER INTERNATIONAL INC"
"811",3.748453,"2005-07-12",6915867,"KENNAMETAL INC","BAXTER INTERNATIONAL INC"
"812",4.08738,"2005-02-01",6848868,"KENNAMETAL INC","BAXTER INTERNATIONAL INC"
"813",1.900459,"2003-12-02",6655480,"KENNAMETAL INC","BAXTER INTERNATIONAL INC"
"814",2.854844,"2003-03-25",6537343,"KENNAMETAL INC","BAXTER INTERNATIONAL INC"
"815",1.84815,"2003-09-16",6619897,"KENNAMETAL INC","BAXTER INTERNATIONAL INC"
"816",3.265771,"2003-06-03",6574527,"KENNAMETAL INC","BAXTER INTERNATIONAL INC"
"817",3.647238,"2003-11-18",6648560,"KENNAMETAL INC","BAXTER INTERNATIONAL INC"
"818",3.698461,"2005-06-14",6905992,"KENNAMETAL INC","BAXTER INTERNATIONAL INC"
"819",4.896667,"2005-10-18",6954989,"KENNAMETAL INC","BAXTER INTERNATIONAL INC"
"820",2.978724,"2003-04-29",6554548,"KENNAMETAL INC","BAXTER INTERNATIONAL INC"
"821",1.436038,"2004-08-10",6773210,"KENNAMETAL INC","BAXTER INTERNATIONAL INC"
"822",2.181563,"2005-11-22",6966728,"KENNAMETAL INC","BAXTER INTERNATIONAL INC"
"823",3.384927,"2004-11-02",6811359,"KENNAMETAL INC","BAXTER INTERNATIONAL INC"
"824",1.059076,"2004-06-01",6742969,"KENNAMETAL INC","BAXTER INTERNATIONAL INC"
"825",3.38729572296143,"2003-01-14",6506003,"KENNAMETAL INC","BECTON DICKINSON AND COMPANY"
"826",2.97111940383911,"2003-03-11",6530726,"KENNAMETAL INC","BECTON DICKINSON AND COMPANY"
"827",3.20701622962952,"2003-01-21",6508612,"KENNAMETAL INC","BECTON DICKINSON AND COMPANY"
"828",2.78546524047852,"2003-04-08",6543318,"KENNAMETAL INC","BECTON DICKINSON AND COMPANY"
"829",2.93854236602783,"2003-05-06",6558086,"KENNAMETAL INC","BECTON DICKINSON AND COMPANY"
"830",3.28315329551697,"2003-06-10",6575671,"KENNAMETAL INC","BECTON DICKINSON AND COMPANY"
"831",2.69410824775696,"2003-04-22",6551375,"KENNAMETAL INC","BECTON DICKINSON AND COMPANY"
"832",3.37965774536133,"2003-06-17",6579043,"KENNAMETAL INC","BECTON DICKINSON AND COMPANY"
"833",3.79398465156555,"2003-08-12",6604893,"KENNAMETAL INC","BECTON DICKINSON AND COMPANY"
"834",3.21937537193298,"2003-06-24",6582164,"KENNAMETAL INC","BECTON DICKINSON AND COMPANY"
"835",3.47688841819763,"2003-08-05",6602029,"KENNAMETAL INC","BECTON DICKINSON AND COMPANY"
"836",3.47932863235474,"2003-07-22",6595305,"KENNAMETAL INC","BECTON DICKINSON AND COMPANY"
"837",1.81721484661102,"2003-07-29",6599061,"KENNAMETAL INC","BECTON DICKINSON AND COMPANY"
"838",3.47212219238281,"2003-09-30",6625894,"KENNAMETAL INC","BECTON DICKINSON AND COMPANY"
"839",3.60365390777588,"2003-09-02",6612787,"KENNAMETAL INC","BECTON DICKINSON AND COMPANY"
"840",1.83127975463867,"2003-08-26",6609858,"KENNAMETAL INC","BECTON DICKINSON AND COMPANY"
"841",1.84815001487732,"2003-09-16",6619165,"KENNAMETAL INC","BECTON DICKINSON AND COMPANY"
"842",3.70782089233398,"2003-11-04",6640731,"KENNAMETAL INC","BECTON DICKINSON AND COMPANY"
"843",1.89800560474396,"2003-12-09",6660329,"KENNAMETAL INC","BECTON DICKINSON AND COMPANY"
"844",3.88005375862122,"2003-10-14",6632050,"KENNAMETAL INC","BECTON DICKINSON AND COMPANY"
"845",3.20933055877686,"2003-10-28",6638474,"KENNAMETAL INC","BECTON DICKINSON AND COMPANY"
"846",1.89800560474396,"2003-12-09",6660133,"KENNAMETAL INC","BECTON DICKINSON AND COMPANY"
"847",1.9004590511322,"2003-12-02",6655882,"KENNAMETAL INC","BECTON DICKINSON AND COMPANY"
"848",2.96341156959534,"2004-02-10",6688817,"KENNAMETAL INC","BECTON DICKINSON AND COMPANY"
"849",3.24382400512695,"2004-01-13",6676339,"KENNAMETAL INC","BECTON DICKINSON AND COMPANY"
"850",2.96259784698486,"2004-02-03",6684968,"KENNAMETAL INC","BECTON DICKINSON AND COMPANY"
"851",2.99112725257874,"2004-02-17",6693054,"KENNAMETAL INC","BECTON DICKINSON AND COMPANY"
"852",1.53742492198944,"2004-03-09",6702526,"KENNAMETAL INC","BECTON DICKINSON AND COMPANY"
"853",1.53742492198944,"2004-03-09",6702525,"KENNAMETAL INC","BECTON DICKINSON AND COMPANY"
"854",1.49752867221832,"2004-05-25",6739808,"KENNAMETAL INC","BECTON DICKINSON AND COMPANY"
"855",1.49752867221832,"2004-05-25",6739809,"KENNAMETAL INC","BECTON DICKINSON AND COMPANY"
"856",3.21491694450378,"2004-04-20",6722823,"KENNAMETAL INC","BECTON DICKINSON AND COMPANY"
"857",3.22638177871704,"2004-06-08",6745709,"KENNAMETAL INC","BECTON DICKINSON AND COMPANY"
"858",1.05907595157623,"2004-06-01",6742970,"KENNAMETAL INC","BECTON DICKINSON AND COMPANY"
"859",2.80970549583435,"2004-08-24",6780116,"KENNAMETAL INC","BECTON DICKINSON AND COMPANY"
"860",2.95804071426392,"2004-07-20",6764140,"KENNAMETAL INC","BECTON DICKINSON AND COMPANY"
"861",2.92102766036987,"2004-08-03",6769844,"KENNAMETAL INC","BECTON DICKINSON AND COMPANY"
"862",1.43603837490082,"2004-08-10",6773209,"KENNAMETAL INC","BECTON DICKINSON AND COMPANY"
"863",1.64470398426056,"2004-09-07",6786557,"KENNAMETAL INC","BECTON DICKINSON AND COMPANY"
"864",3.72855567932129,"2004-11-30",6824225,"KENNAMETAL INC","BECTON DICKINSON AND COMPANY"
"865",1.96236753463745,"2005-02-15",6854810,"KENNAMETAL INC","BECTON DICKINSON AND COMPANY"
"866",1.94732594490051,"2005-02-22",6857861,"KENNAMETAL INC","BECTON DICKINSON AND COMPANY"
"867",3.90665459632874,"2005-03-01",6860344,"KENNAMETAL INC","BECTON DICKINSON AND COMPANY"
"868",1.94732594490051,"2005-02-22",6858333,"KENNAMETAL INC","BECTON DICKINSON AND COMPANY"
"869",1.96236753463745,"2005-02-15",6854527,"KENNAMETAL INC","BECTON DICKINSON AND COMPANY"
"870",3.82059454917908,"2005-02-08",6851758,"KENNAMETAL INC","BECTON DICKINSON AND COMPANY"
"871",4.03868341445923,"2005-03-15",6866921,"KENNAMETAL INC","BECTON DICKINSON AND COMPANY"
"872",3.43804,"2005-05-10",6890655,"KENNAMETAL INC","BECTON DICKINSON AND COMPANY"
"873",3.444846,"2005-04-26",6884499,"KENNAMETAL INC","BECTON DICKINSON AND COMPANY"
"874",3.886945,"2005-04-12",6877406,"KENNAMETAL INC","BECTON DICKINSON AND COMPANY"
"875",3.606093,"2005-05-03",6886645,"KENNAMETAL INC","BECTON DICKINSON AND COMPANY"
"876",1.839704,"2005-08-16",6929426,"KENNAMETAL INC","BECTON DICKINSON AND COMPANY"
"877",3.748907,"2005-06-21",6908688,"KENNAMETAL INC","BECTON DICKINSON AND COMPANY"
"878",3.685051,"2005-07-05",6913427,"KENNAMETAL INC","BECTON DICKINSON AND COMPANY"
"879",1.839704,"2005-08-16",6929434,"KENNAMETAL INC","BECTON DICKINSON AND COMPANY"
"880",3.98272,"2005-09-20",6945340,"KENNAMETAL INC","BECTON DICKINSON AND COMPANY"
"881",4.467749,"2005-12-20",6976811,"KENNAMETAL INC","BECTON DICKINSON AND COMPANY"
"882",4.451928,"2005-11-08",6962395,"KENNAMETAL INC","BECTON DICKINSON AND COMPANY"
"883",4.341028,"2005-11-15",6964933,"KENNAMETAL INC","BECTON DICKINSON AND COMPANY"
"884",2.181563,"2005-11-22",6966270,"KENNAMETAL INC","BECTON DICKINSON AND COMPANY"
"885",3.748453,"2005-07-12",6915867,"KENNAMETAL INC","BECTON DICKINSON AND COMPANY"
"886",4.08738,"2005-02-01",6848868,"KENNAMETAL INC","BECTON DICKINSON AND COMPANY"
"887",1.900459,"2003-12-02",6655480,"KENNAMETAL INC","BECTON DICKINSON AND COMPANY"
"888",2.854844,"2003-03-25",6537343,"KENNAMETAL INC","BECTON DICKINSON AND COMPANY"
"889",1.84815,"2003-09-16",6619897,"KENNAMETAL INC","BECTON DICKINSON AND COMPANY"
"890",3.265771,"2003-06-03",6574527,"KENNAMETAL INC","BECTON DICKINSON AND COMPANY"
"891",3.647238,"2003-11-18",6648560,"KENNAMETAL INC","BECTON DICKINSON AND COMPANY"
"892",3.698461,"2005-06-14",6905992,"KENNAMETAL INC","BECTON DICKINSON AND COMPANY"
"893",4.896667,"2005-10-18",6954989,"KENNAMETAL INC","BECTON DICKINSON AND COMPANY"
"894",2.978724,"2003-04-29",6554548,"KENNAMETAL INC","BECTON DICKINSON AND COMPANY"
"895",1.436038,"2004-08-10",6773210,"KENNAMETAL INC","BECTON DICKINSON AND COMPANY"
"896",2.181563,"2005-11-22",6966728,"KENNAMETAL INC","BECTON DICKINSON AND COMPANY"
"897",3.384927,"2004-11-02",6811359,"KENNAMETAL INC","BECTON DICKINSON AND COMPANY"
"898",1.059076,"2004-06-01",6742969,"KENNAMETAL INC","BECTON DICKINSON AND COMPANY"
