"","X","MatchAsgName","cluster","Competitors"
"1",1,"ADVANCED CARDIOVASCULAR SYSTEMS INC",6,"BAXTER INTERNATIONAL INC, BECTON DICKINSON AND COMPANY, ETHICON INC, KENNAMETAL INC, MATTEL INC, MEDTRONIC INC"
"2",2,"BAXTER INTERNATIONAL INC",6,"ADVANCED CARDIOVASCULAR SYSTEMS INC, BECTON DICKINSON AND COMPANY, ETHICON INC, KENNAMETAL INC, MATTEL INC, MEDTRONIC INC"
"3",3,"BECTON DICKINSON AND COMPANY",6,"ADVANCED CARDIOVASCULAR SYSTEMS INC, BAXTER INTERNATIONAL INC, ETHICON INC, KENNAMETAL INC, MATTEL INC, MEDTRONIC INC"
"4",4,"ETHICON INC",6,"ADVANCED CARDIOVASCULAR SYSTEMS INC, BAXTER INTERNATIONAL INC, BECTON DICKINSON AND COMPANY, KENNAMETAL INC, MATTEL INC, MEDTRONIC INC"
"5",5,"KENNAMETAL INC",6,"ADVANCED CARDIOVASCULAR SYSTEMS INC, BAXTER INTERNATIONAL INC, BECTON DICKINSON AND COMPANY, ETHICON INC, MATTEL INC, MEDTRONIC INC"
"6",6,"MATTEL INC",6,"ADVANCED CARDIOVASCULAR SYSTEMS INC, BAXTER INTERNATIONAL INC, BECTON DICKINSON AND COMPANY, ETHICON INC, KENNAMETAL INC, MEDTRONIC INC"
"7",7,"MEDTRONIC INC",6,"ADVANCED CARDIOVASCULAR SYSTEMS INC, BAXTER INTERNATIONAL INC, BECTON DICKINSON AND COMPANY, ETHICON INC, KENNAMETAL INC, MATTEL INC"
"8",8,"AFFYMETRIX INC",7,"AGILENT TECHNOLOGIES INC, CORNING INCORPORATED, SYMYX TECHNOLOGIES INC"
"9",9,"AGILENT TECHNOLOGIES INC",7,"AFFYMETRIX INC, CORNING INCORPORATED, SYMYX TECHNOLOGIES INC"
"10",10,"CORNING INCORPORATED",7,"AFFYMETRIX INC, AGILENT TECHNOLOGIES INC, SYMYX TECHNOLOGIES INC"
"11",11,"SYMYX TECHNOLOGIES INC",7,"AFFYMETRIX INC, AGILENT TECHNOLOGIES INC, CORNING INCORPORATED"
"12",12,"CABOT CORPORATION",9,"GENERAL MILLS INC, MERCK PATENT GESELLSCHAFT MIT BESCHRANKTER HAFTUNG, PPG INDUSTRIES OHIO INC, RECOT INC, ROHM AND HAAS COMPANY"
"13",13,"GENERAL MILLS INC",9,"CABOT CORPORATION, MERCK PATENT GESELLSCHAFT MIT BESCHRANKTER HAFTUNG, PPG INDUSTRIES OHIO INC, RECOT INC, ROHM AND HAAS COMPANY"
"14",14,"MERCK PATENT GESELLSCHAFT MIT BESCHRANKTER HAFTUNG",9,"CABOT CORPORATION, GENERAL MILLS INC, PPG INDUSTRIES OHIO INC, RECOT INC, ROHM AND HAAS COMPANY"
"15",15,"PPG INDUSTRIES OHIO INC",9,"CABOT CORPORATION, GENERAL MILLS INC, MERCK PATENT GESELLSCHAFT MIT BESCHRANKTER HAFTUNG, RECOT INC, ROHM AND HAAS COMPANY"
"16",16,"RECOT INC",9,"CABOT CORPORATION, GENERAL MILLS INC, MERCK PATENT GESELLSCHAFT MIT BESCHRANKTER HAFTUNG, PPG INDUSTRIES OHIO INC, ROHM AND HAAS COMPANY"
"17",17,"ROHM AND HAAS COMPANY",9,"CABOT CORPORATION, GENERAL MILLS INC, MERCK PATENT GESELLSCHAFT MIT BESCHRANKTER HAFTUNG, PPG INDUSTRIES OHIO INC, RECOT INC"
"18",18,"BAKER HUGHES INCORPORATED",13,"BSH BOSCH UND SIEMENS HAUSGERAETE GMBH, EMERSON ELECTRIC CO, HALLIBURTON ENERGY SERVICES INC, LG ELECTRONICS INC, MAYTAG CORPORATION, SANYO ELECTRIC CO LTD, SCHLUMBERGER TECHNOLOGY CORPORATION, WHIRLPOOL CORPORATION"
"19",19,"BSH BOSCH UND SIEMENS HAUSGERAETE GMBH",13,"BAKER HUGHES INCORPORATED, EMERSON ELECTRIC CO, HALLIBURTON ENERGY SERVICES INC, LG ELECTRONICS INC, MAYTAG CORPORATION, SANYO ELECTRIC CO LTD, SCHLUMBERGER TECHNOLOGY CORPORATION, WHIRLPOOL CORPORATION"
"20",20,"EMERSON ELECTRIC CO",13,"BAKER HUGHES INCORPORATED, BSH BOSCH UND SIEMENS HAUSGERAETE GMBH, HALLIBURTON ENERGY SERVICES INC, LG ELECTRONICS INC, MAYTAG CORPORATION, SANYO ELECTRIC CO LTD, SCHLUMBERGER TECHNOLOGY CORPORATION, WHIRLPOOL CORPORATION"
"21",21,"HALLIBURTON ENERGY SERVICES INC",13,"BAKER HUGHES INCORPORATED, BSH BOSCH UND SIEMENS HAUSGERAETE GMBH, EMERSON ELECTRIC CO, LG ELECTRONICS INC, MAYTAG CORPORATION, SANYO ELECTRIC CO LTD, SCHLUMBERGER TECHNOLOGY CORPORATION, WHIRLPOOL CORPORATION"
"22",22,"LG ELECTRONICS INC",13,"BAKER HUGHES INCORPORATED, BSH BOSCH UND SIEMENS HAUSGERAETE GMBH, EMERSON ELECTRIC CO, HALLIBURTON ENERGY SERVICES INC, MAYTAG CORPORATION, SANYO ELECTRIC CO LTD, SCHLUMBERGER TECHNOLOGY CORPORATION, WHIRLPOOL CORPORATION"
"23",23,"MAYTAG CORPORATION",13,"BAKER HUGHES INCORPORATED, BSH BOSCH UND SIEMENS HAUSGERAETE GMBH, EMERSON ELECTRIC CO, HALLIBURTON ENERGY SERVICES INC, LG ELECTRONICS INC, SANYO ELECTRIC CO LTD, SCHLUMBERGER TECHNOLOGY CORPORATION, WHIRLPOOL CORPORATION"
"24",24,"SANYO ELECTRIC CO LTD",13,"BAKER HUGHES INCORPORATED, BSH BOSCH UND SIEMENS HAUSGERAETE GMBH, EMERSON ELECTRIC CO, HALLIBURTON ENERGY SERVICES INC, LG ELECTRONICS INC, MAYTAG CORPORATION, SCHLUMBERGER TECHNOLOGY CORPORATION, WHIRLPOOL CORPORATION"
"25",25,"SCHLUMBERGER TECHNOLOGY CORPORATION",13,"BAKER HUGHES INCORPORATED, BSH BOSCH UND SIEMENS HAUSGERAETE GMBH, EMERSON ELECTRIC CO, HALLIBURTON ENERGY SERVICES INC, LG ELECTRONICS INC, MAYTAG CORPORATION, SANYO ELECTRIC CO LTD, WHIRLPOOL CORPORATION"
"26",26,"WHIRLPOOL CORPORATION",13,"BAKER HUGHES INCORPORATED, BSH BOSCH UND SIEMENS HAUSGERAETE GMBH, EMERSON ELECTRIC CO, HALLIBURTON ENERGY SERVICES INC, LG ELECTRONICS INC, MAYTAG CORPORATION, SANYO ELECTRIC CO LTD, SCHLUMBERGER TECHNOLOGY CORPORATION"
"27",27,"ACUITY BRANDS INC",14,"ACUSHNET COMPANY, ALLIANT TECHSYSTEMS INC, ALSTOM (SWITZERLAND) LTD, ALUMINUM COMPANY OF AMERICA, ARVINMERITOR GMBH, ASHLAND INC, ASHLAND PRODUCTS INC, AUTOLIV ASP INC, BORGWARNER INC, BRUNSWICK CORPORATION, CALLAWAY GOLF COMPANY, COLOR KINETICS INCORPORATED, DAIMLERCHRYSLER AG, DAIMLERCHRYSLER CORPORATION, DANA CORPORATION, DENSO CORPORATION, EATON CORPORATION, FISHER CONTROLS INTERNATIONAL INC, FMC TECHNOLOGIES INC, FORD GLOBAL TECHNOLOGIES INC, FORD MOTOR COMPANY, GENLYTE THOMAS GROUP LLC, GENTEX CORPORATION, HERMAN MILLER INC, HILL ROM SERVICES INC, LEAR CORPORATION, MODINE MANUFACTURING COMPANY, NISSAN MOTOR CO LTD, NTN CORPORATION, OTIS ELEVATOR COMPANY, PARKER HANNIFIN CORPORATION, SIEMENS VDO AUTOMOTIVE CORPORATION, SIEMENS VDO AUTOMOTIVE INC, SIEMENS WESTINGHOUSE POWER CORPORATION, SPX CORPORATION, STEELCASE DEVELOPMENT CORPORATION, STERIS INC, THE STANLEY WORKS, THE TIMKEN COMPANY, TOYODA GOSEI CO LTD, TOYOTA JIDOSHA KABUSHIKI KAISHA, UNITED TECHNOLOGIES CORPORATION, WESTINGHOUSE AIR BRAKE TECHNOLOGIES CORPORATION"
"28",28,"ACUSHNET COMPANY",14,"ACUITY BRANDS INC, ALLIANT TECHSYSTEMS INC, ALSTOM (SWITZERLAND) LTD, ALUMINUM COMPANY OF AMERICA, ARVINMERITOR GMBH, ASHLAND INC, ASHLAND PRODUCTS INC, AUTOLIV ASP INC, BORGWARNER INC, BRUNSWICK CORPORATION, CALLAWAY GOLF COMPANY, COLOR KINETICS INCORPORATED, DAIMLERCHRYSLER AG, DAIMLERCHRYSLER CORPORATION, DANA CORPORATION, DENSO CORPORATION, EATON CORPORATION, FISHER CONTROLS INTERNATIONAL INC, FMC TECHNOLOGIES INC, FORD GLOBAL TECHNOLOGIES INC, FORD MOTOR COMPANY, GENLYTE THOMAS GROUP LLC, GENTEX CORPORATION, HERMAN MILLER INC, HILL ROM SERVICES INC, LEAR CORPORATION, MODINE MANUFACTURING COMPANY, NISSAN MOTOR CO LTD, NTN CORPORATION, OTIS ELEVATOR COMPANY, PARKER HANNIFIN CORPORATION, SIEMENS VDO AUTOMOTIVE CORPORATION, SIEMENS VDO AUTOMOTIVE INC, SIEMENS WESTINGHOUSE POWER CORPORATION, SPX CORPORATION, STEELCASE DEVELOPMENT CORPORATION, STERIS INC, THE STANLEY WORKS, THE TIMKEN COMPANY, TOYODA GOSEI CO LTD, TOYOTA JIDOSHA KABUSHIKI KAISHA, UNITED TECHNOLOGIES CORPORATION, WESTINGHOUSE AIR BRAKE TECHNOLOGIES CORPORATION"
"29",29,"ALLIANT TECHSYSTEMS INC",14,"ACUITY BRANDS INC, ACUSHNET COMPANY, ALSTOM (SWITZERLAND) LTD, ALUMINUM COMPANY OF AMERICA, ARVINMERITOR GMBH, ASHLAND INC, ASHLAND PRODUCTS INC, AUTOLIV ASP INC, BORGWARNER INC, BRUNSWICK CORPORATION, CALLAWAY GOLF COMPANY, COLOR KINETICS INCORPORATED, DAIMLERCHRYSLER AG, DAIMLERCHRYSLER CORPORATION, DANA CORPORATION, DENSO CORPORATION, EATON CORPORATION, FISHER CONTROLS INTERNATIONAL INC, FMC TECHNOLOGIES INC, FORD GLOBAL TECHNOLOGIES INC, FORD MOTOR COMPANY, GENLYTE THOMAS GROUP LLC, GENTEX CORPORATION, HERMAN MILLER INC, HILL ROM SERVICES INC, LEAR CORPORATION, MODINE MANUFACTURING COMPANY, NISSAN MOTOR CO LTD, NTN CORPORATION, OTIS ELEVATOR COMPANY, PARKER HANNIFIN CORPORATION, SIEMENS VDO AUTOMOTIVE CORPORATION, SIEMENS VDO AUTOMOTIVE INC, SIEMENS WESTINGHOUSE POWER CORPORATION, SPX CORPORATION, STEELCASE DEVELOPMENT CORPORATION, STERIS INC, THE STANLEY WORKS, THE TIMKEN COMPANY, TOYODA GOSEI CO LTD, TOYOTA JIDOSHA KABUSHIKI KAISHA, UNITED TECHNOLOGIES CORPORATION, WESTINGHOUSE AIR BRAKE TECHNOLOGIES CORPORATION"
"30",30,"ALSTOM (SWITZERLAND) LTD",14,"ACUITY BRANDS INC, ACUSHNET COMPANY, ALLIANT TECHSYSTEMS INC, ALUMINUM COMPANY OF AMERICA, ARVINMERITOR GMBH, ASHLAND INC, ASHLAND PRODUCTS INC, AUTOLIV ASP INC, BORGWARNER INC, BRUNSWICK CORPORATION, CALLAWAY GOLF COMPANY, COLOR KINETICS INCORPORATED, DAIMLERCHRYSLER AG, DAIMLERCHRYSLER CORPORATION, DANA CORPORATION, DENSO CORPORATION, EATON CORPORATION, FISHER CONTROLS INTERNATIONAL INC, FMC TECHNOLOGIES INC, FORD GLOBAL TECHNOLOGIES INC, FORD MOTOR COMPANY, GENLYTE THOMAS GROUP LLC, GENTEX CORPORATION, HERMAN MILLER INC, HILL ROM SERVICES INC, LEAR CORPORATION, MODINE MANUFACTURING COMPANY, NISSAN MOTOR CO LTD, NTN CORPORATION, OTIS ELEVATOR COMPANY, PARKER HANNIFIN CORPORATION, SIEMENS VDO AUTOMOTIVE CORPORATION, SIEMENS VDO AUTOMOTIVE INC, SIEMENS WESTINGHOUSE POWER CORPORATION, SPX CORPORATION, STEELCASE DEVELOPMENT CORPORATION, STERIS INC, THE STANLEY WORKS, THE TIMKEN COMPANY, TOYODA GOSEI CO LTD, TOYOTA JIDOSHA KABUSHIKI KAISHA, UNITED TECHNOLOGIES CORPORATION, WESTINGHOUSE AIR BRAKE TECHNOLOGIES CORPORATION"
"31",31,"ALUMINUM COMPANY OF AMERICA",14,"ACUITY BRANDS INC, ACUSHNET COMPANY, ALLIANT TECHSYSTEMS INC, ALSTOM (SWITZERLAND) LTD, ARVINMERITOR GMBH, ASHLAND INC, ASHLAND PRODUCTS INC, AUTOLIV ASP INC, BORGWARNER INC, BRUNSWICK CORPORATION, CALLAWAY GOLF COMPANY, COLOR KINETICS INCORPORATED, DAIMLERCHRYSLER AG, DAIMLERCHRYSLER CORPORATION, DANA CORPORATION, DENSO CORPORATION, EATON CORPORATION, FISHER CONTROLS INTERNATIONAL INC, FMC TECHNOLOGIES INC, FORD GLOBAL TECHNOLOGIES INC, FORD MOTOR COMPANY, GENLYTE THOMAS GROUP LLC, GENTEX CORPORATION, HERMAN MILLER INC, HILL ROM SERVICES INC, LEAR CORPORATION, MODINE MANUFACTURING COMPANY, NISSAN MOTOR CO LTD, NTN CORPORATION, OTIS ELEVATOR COMPANY, PARKER HANNIFIN CORPORATION, SIEMENS VDO AUTOMOTIVE CORPORATION, SIEMENS VDO AUTOMOTIVE INC, SIEMENS WESTINGHOUSE POWER CORPORATION, SPX CORPORATION, STEELCASE DEVELOPMENT CORPORATION, STERIS INC, THE STANLEY WORKS, THE TIMKEN COMPANY, TOYODA GOSEI CO LTD, TOYOTA JIDOSHA KABUSHIKI KAISHA, UNITED TECHNOLOGIES CORPORATION, WESTINGHOUSE AIR BRAKE TECHNOLOGIES CORPORATION"
"32",32,"ARVINMERITOR GMBH",14,"ACUITY BRANDS INC, ACUSHNET COMPANY, ALLIANT TECHSYSTEMS INC, ALSTOM (SWITZERLAND) LTD, ALUMINUM COMPANY OF AMERICA, ASHLAND INC, ASHLAND PRODUCTS INC, AUTOLIV ASP INC, BORGWARNER INC, BRUNSWICK CORPORATION, CALLAWAY GOLF COMPANY, COLOR KINETICS INCORPORATED, DAIMLERCHRYSLER AG, DAIMLERCHRYSLER CORPORATION, DANA CORPORATION, DENSO CORPORATION, EATON CORPORATION, FISHER CONTROLS INTERNATIONAL INC, FMC TECHNOLOGIES INC, FORD GLOBAL TECHNOLOGIES INC, FORD MOTOR COMPANY, GENLYTE THOMAS GROUP LLC, GENTEX CORPORATION, HERMAN MILLER INC, HILL ROM SERVICES INC, LEAR CORPORATION, MODINE MANUFACTURING COMPANY, NISSAN MOTOR CO LTD, NTN CORPORATION, OTIS ELEVATOR COMPANY, PARKER HANNIFIN CORPORATION, SIEMENS VDO AUTOMOTIVE CORPORATION, SIEMENS VDO AUTOMOTIVE INC, SIEMENS WESTINGHOUSE POWER CORPORATION, SPX CORPORATION, STEELCASE DEVELOPMENT CORPORATION, STERIS INC, THE STANLEY WORKS, THE TIMKEN COMPANY, TOYODA GOSEI CO LTD, TOYOTA JIDOSHA KABUSHIKI KAISHA, UNITED TECHNOLOGIES CORPORATION, WESTINGHOUSE AIR BRAKE TECHNOLOGIES CORPORATION"
"33",33,"ASHLAND INC",14,"ACUITY BRANDS INC, ACUSHNET COMPANY, ALLIANT TECHSYSTEMS INC, ALSTOM (SWITZERLAND) LTD, ALUMINUM COMPANY OF AMERICA, ARVINMERITOR GMBH, ASHLAND PRODUCTS INC, AUTOLIV ASP INC, BORGWARNER INC, BRUNSWICK CORPORATION, CALLAWAY GOLF COMPANY, COLOR KINETICS INCORPORATED, DAIMLERCHRYSLER AG, DAIMLERCHRYSLER CORPORATION, DANA CORPORATION, DENSO CORPORATION, EATON CORPORATION, FISHER CONTROLS INTERNATIONAL INC, FMC TECHNOLOGIES INC, FORD GLOBAL TECHNOLOGIES INC, FORD MOTOR COMPANY, GENLYTE THOMAS GROUP LLC, GENTEX CORPORATION, HERMAN MILLER INC, HILL ROM SERVICES INC, LEAR CORPORATION, MODINE MANUFACTURING COMPANY, NISSAN MOTOR CO LTD, NTN CORPORATION, OTIS ELEVATOR COMPANY, PARKER HANNIFIN CORPORATION, SIEMENS VDO AUTOMOTIVE CORPORATION, SIEMENS VDO AUTOMOTIVE INC, SIEMENS WESTINGHOUSE POWER CORPORATION, SPX CORPORATION, STEELCASE DEVELOPMENT CORPORATION, STERIS INC, THE STANLEY WORKS, THE TIMKEN COMPANY, TOYODA GOSEI CO LTD, TOYOTA JIDOSHA KABUSHIKI KAISHA, UNITED TECHNOLOGIES CORPORATION, WESTINGHOUSE AIR BRAKE TECHNOLOGIES CORPORATION"
"34",34,"ASHLAND PRODUCTS INC",14,"ACUITY BRANDS INC, ACUSHNET COMPANY, ALLIANT TECHSYSTEMS INC, ALSTOM (SWITZERLAND) LTD, ALUMINUM COMPANY OF AMERICA, ARVINMERITOR GMBH, ASHLAND INC, AUTOLIV ASP INC, BORGWARNER INC, BRUNSWICK CORPORATION, CALLAWAY GOLF COMPANY, COLOR KINETICS INCORPORATED, DAIMLERCHRYSLER AG, DAIMLERCHRYSLER CORPORATION, DANA CORPORATION, DENSO CORPORATION, EATON CORPORATION, FISHER CONTROLS INTERNATIONAL INC, FMC TECHNOLOGIES INC, FORD GLOBAL TECHNOLOGIES INC, FORD MOTOR COMPANY, GENLYTE THOMAS GROUP LLC, GENTEX CORPORATION, HERMAN MILLER INC, HILL ROM SERVICES INC, LEAR CORPORATION, MODINE MANUFACTURING COMPANY, NISSAN MOTOR CO LTD, NTN CORPORATION, OTIS ELEVATOR COMPANY, PARKER HANNIFIN CORPORATION, SIEMENS VDO AUTOMOTIVE CORPORATION, SIEMENS VDO AUTOMOTIVE INC, SIEMENS WESTINGHOUSE POWER CORPORATION, SPX CORPORATION, STEELCASE DEVELOPMENT CORPORATION, STERIS INC, THE STANLEY WORKS, THE TIMKEN COMPANY, TOYODA GOSEI CO LTD, TOYOTA JIDOSHA KABUSHIKI KAISHA, UNITED TECHNOLOGIES CORPORATION, WESTINGHOUSE AIR BRAKE TECHNOLOGIES CORPORATION"
"35",35,"AUTOLIV ASP INC",14,"ACUITY BRANDS INC, ACUSHNET COMPANY, ALLIANT TECHSYSTEMS INC, ALSTOM (SWITZERLAND) LTD, ALUMINUM COMPANY OF AMERICA, ARVINMERITOR GMBH, ASHLAND INC, ASHLAND PRODUCTS INC, BORGWARNER INC, BRUNSWICK CORPORATION, CALLAWAY GOLF COMPANY, COLOR KINETICS INCORPORATED, DAIMLERCHRYSLER AG, DAIMLERCHRYSLER CORPORATION, DANA CORPORATION, DENSO CORPORATION, EATON CORPORATION, FISHER CONTROLS INTERNATIONAL INC, FMC TECHNOLOGIES INC, FORD GLOBAL TECHNOLOGIES INC, FORD MOTOR COMPANY, GENLYTE THOMAS GROUP LLC, GENTEX CORPORATION, HERMAN MILLER INC, HILL ROM SERVICES INC, LEAR CORPORATION, MODINE MANUFACTURING COMPANY, NISSAN MOTOR CO LTD, NTN CORPORATION, OTIS ELEVATOR COMPANY, PARKER HANNIFIN CORPORATION, SIEMENS VDO AUTOMOTIVE CORPORATION, SIEMENS VDO AUTOMOTIVE INC, SIEMENS WESTINGHOUSE POWER CORPORATION, SPX CORPORATION, STEELCASE DEVELOPMENT CORPORATION, STERIS INC, THE STANLEY WORKS, THE TIMKEN COMPANY, TOYODA GOSEI CO LTD, TOYOTA JIDOSHA KABUSHIKI KAISHA, UNITED TECHNOLOGIES CORPORATION, WESTINGHOUSE AIR BRAKE TECHNOLOGIES CORPORATION"
"36",36,"BORGWARNER INC",14,"ACUITY BRANDS INC, ACUSHNET COMPANY, ALLIANT TECHSYSTEMS INC, ALSTOM (SWITZERLAND) LTD, ALUMINUM COMPANY OF AMERICA, ARVINMERITOR GMBH, ASHLAND INC, ASHLAND PRODUCTS INC, AUTOLIV ASP INC, BRUNSWICK CORPORATION, CALLAWAY GOLF COMPANY, COLOR KINETICS INCORPORATED, DAIMLERCHRYSLER AG, DAIMLERCHRYSLER CORPORATION, DANA CORPORATION, DENSO CORPORATION, EATON CORPORATION, FISHER CONTROLS INTERNATIONAL INC, FMC TECHNOLOGIES INC, FORD GLOBAL TECHNOLOGIES INC, FORD MOTOR COMPANY, GENLYTE THOMAS GROUP LLC, GENTEX CORPORATION, HERMAN MILLER INC, HILL ROM SERVICES INC, LEAR CORPORATION, MODINE MANUFACTURING COMPANY, NISSAN MOTOR CO LTD, NTN CORPORATION, OTIS ELEVATOR COMPANY, PARKER HANNIFIN CORPORATION, SIEMENS VDO AUTOMOTIVE CORPORATION, SIEMENS VDO AUTOMOTIVE INC, SIEMENS WESTINGHOUSE POWER CORPORATION, SPX CORPORATION, STEELCASE DEVELOPMENT CORPORATION, STERIS INC, THE STANLEY WORKS, THE TIMKEN COMPANY, TOYODA GOSEI CO LTD, TOYOTA JIDOSHA KABUSHIKI KAISHA, UNITED TECHNOLOGIES CORPORATION, WESTINGHOUSE AIR BRAKE TECHNOLOGIES CORPORATION"
"37",37,"BRUNSWICK CORPORATION",14,"ACUITY BRANDS INC, ACUSHNET COMPANY, ALLIANT TECHSYSTEMS INC, ALSTOM (SWITZERLAND) LTD, ALUMINUM COMPANY OF AMERICA, ARVINMERITOR GMBH, ASHLAND INC, ASHLAND PRODUCTS INC, AUTOLIV ASP INC, BORGWARNER INC, CALLAWAY GOLF COMPANY, COLOR KINETICS INCORPORATED, DAIMLERCHRYSLER AG, DAIMLERCHRYSLER CORPORATION, DANA CORPORATION, DENSO CORPORATION, EATON CORPORATION, FISHER CONTROLS INTERNATIONAL INC, FMC TECHNOLOGIES INC, FORD GLOBAL TECHNOLOGIES INC, FORD MOTOR COMPANY, GENLYTE THOMAS GROUP LLC, GENTEX CORPORATION, HERMAN MILLER INC, HILL ROM SERVICES INC, LEAR CORPORATION, MODINE MANUFACTURING COMPANY, NISSAN MOTOR CO LTD, NTN CORPORATION, OTIS ELEVATOR COMPANY, PARKER HANNIFIN CORPORATION, SIEMENS VDO AUTOMOTIVE CORPORATION, SIEMENS VDO AUTOMOTIVE INC, SIEMENS WESTINGHOUSE POWER CORPORATION, SPX CORPORATION, STEELCASE DEVELOPMENT CORPORATION, STERIS INC, THE STANLEY WORKS, THE TIMKEN COMPANY, TOYODA GOSEI CO LTD, TOYOTA JIDOSHA KABUSHIKI KAISHA, UNITED TECHNOLOGIES CORPORATION, WESTINGHOUSE AIR BRAKE TECHNOLOGIES CORPORATION"
"38",38,"CALLAWAY GOLF COMPANY",14,"ACUITY BRANDS INC, ACUSHNET COMPANY, ALLIANT TECHSYSTEMS INC, ALSTOM (SWITZERLAND) LTD, ALUMINUM COMPANY OF AMERICA, ARVINMERITOR GMBH, ASHLAND INC, ASHLAND PRODUCTS INC, AUTOLIV ASP INC, BORGWARNER INC, BRUNSWICK CORPORATION, COLOR KINETICS INCORPORATED, DAIMLERCHRYSLER AG, DAIMLERCHRYSLER CORPORATION, DANA CORPORATION, DENSO CORPORATION, EATON CORPORATION, FISHER CONTROLS INTERNATIONAL INC, FMC TECHNOLOGIES INC, FORD GLOBAL TECHNOLOGIES INC, FORD MOTOR COMPANY, GENLYTE THOMAS GROUP LLC, GENTEX CORPORATION, HERMAN MILLER INC, HILL ROM SERVICES INC, LEAR CORPORATION, MODINE MANUFACTURING COMPANY, NISSAN MOTOR CO LTD, NTN CORPORATION, OTIS ELEVATOR COMPANY, PARKER HANNIFIN CORPORATION, SIEMENS VDO AUTOMOTIVE CORPORATION, SIEMENS VDO AUTOMOTIVE INC, SIEMENS WESTINGHOUSE POWER CORPORATION, SPX CORPORATION, STEELCASE DEVELOPMENT CORPORATION, STERIS INC, THE STANLEY WORKS, THE TIMKEN COMPANY, TOYODA GOSEI CO LTD, TOYOTA JIDOSHA KABUSHIKI KAISHA, UNITED TECHNOLOGIES CORPORATION, WESTINGHOUSE AIR BRAKE TECHNOLOGIES CORPORATION"
"39",39,"COLOR KINETICS INCORPORATED",14,"ACUITY BRANDS INC, ACUSHNET COMPANY, ALLIANT TECHSYSTEMS INC, ALSTOM (SWITZERLAND) LTD, ALUMINUM COMPANY OF AMERICA, ARVINMERITOR GMBH, ASHLAND INC, ASHLAND PRODUCTS INC, AUTOLIV ASP INC, BORGWARNER INC, BRUNSWICK CORPORATION, CALLAWAY GOLF COMPANY, DAIMLERCHRYSLER AG, DAIMLERCHRYSLER CORPORATION, DANA CORPORATION, DENSO CORPORATION, EATON CORPORATION, FISHER CONTROLS INTERNATIONAL INC, FMC TECHNOLOGIES INC, FORD GLOBAL TECHNOLOGIES INC, FORD MOTOR COMPANY, GENLYTE THOMAS GROUP LLC, GENTEX CORPORATION, HERMAN MILLER INC, HILL ROM SERVICES INC, LEAR CORPORATION, MODINE MANUFACTURING COMPANY, NISSAN MOTOR CO LTD, NTN CORPORATION, OTIS ELEVATOR COMPANY, PARKER HANNIFIN CORPORATION, SIEMENS VDO AUTOMOTIVE CORPORATION, SIEMENS VDO AUTOMOTIVE INC, SIEMENS WESTINGHOUSE POWER CORPORATION, SPX CORPORATION, STEELCASE DEVELOPMENT CORPORATION, STERIS INC, THE STANLEY WORKS, THE TIMKEN COMPANY, TOYODA GOSEI CO LTD, TOYOTA JIDOSHA KABUSHIKI KAISHA, UNITED TECHNOLOGIES CORPORATION, WESTINGHOUSE AIR BRAKE TECHNOLOGIES CORPORATION"
"40",40,"DAIMLERCHRYSLER AG",14,"ACUITY BRANDS INC, ACUSHNET COMPANY, ALLIANT TECHSYSTEMS INC, ALSTOM (SWITZERLAND) LTD, ALUMINUM COMPANY OF AMERICA, ARVINMERITOR GMBH, ASHLAND INC, ASHLAND PRODUCTS INC, AUTOLIV ASP INC, BORGWARNER INC, BRUNSWICK CORPORATION, CALLAWAY GOLF COMPANY, COLOR KINETICS INCORPORATED, DAIMLERCHRYSLER CORPORATION, DANA CORPORATION, DENSO CORPORATION, EATON CORPORATION, FISHER CONTROLS INTERNATIONAL INC, FMC TECHNOLOGIES INC, FORD GLOBAL TECHNOLOGIES INC, FORD MOTOR COMPANY, GENLYTE THOMAS GROUP LLC, GENTEX CORPORATION, HERMAN MILLER INC, HILL ROM SERVICES INC, LEAR CORPORATION, MODINE MANUFACTURING COMPANY, NISSAN MOTOR CO LTD, NTN CORPORATION, OTIS ELEVATOR COMPANY, PARKER HANNIFIN CORPORATION, SIEMENS VDO AUTOMOTIVE CORPORATION, SIEMENS VDO AUTOMOTIVE INC, SIEMENS WESTINGHOUSE POWER CORPORATION, SPX CORPORATION, STEELCASE DEVELOPMENT CORPORATION, STERIS INC, THE STANLEY WORKS, THE TIMKEN COMPANY, TOYODA GOSEI CO LTD, TOYOTA JIDOSHA KABUSHIKI KAISHA, UNITED TECHNOLOGIES CORPORATION, WESTINGHOUSE AIR BRAKE TECHNOLOGIES CORPORATION"
"41",41,"DAIMLERCHRYSLER CORPORATION",14,"ACUITY BRANDS INC, ACUSHNET COMPANY, ALLIANT TECHSYSTEMS INC, ALSTOM (SWITZERLAND) LTD, ALUMINUM COMPANY OF AMERICA, ARVINMERITOR GMBH, ASHLAND INC, ASHLAND PRODUCTS INC, AUTOLIV ASP INC, BORGWARNER INC, BRUNSWICK CORPORATION, CALLAWAY GOLF COMPANY, COLOR KINETICS INCORPORATED, DAIMLERCHRYSLER AG, DANA CORPORATION, DENSO CORPORATION, EATON CORPORATION, FISHER CONTROLS INTERNATIONAL INC, FMC TECHNOLOGIES INC, FORD GLOBAL TECHNOLOGIES INC, FORD MOTOR COMPANY, GENLYTE THOMAS GROUP LLC, GENTEX CORPORATION, HERMAN MILLER INC, HILL ROM SERVICES INC, LEAR CORPORATION, MODINE MANUFACTURING COMPANY, NISSAN MOTOR CO LTD, NTN CORPORATION, OTIS ELEVATOR COMPANY, PARKER HANNIFIN CORPORATION, SIEMENS VDO AUTOMOTIVE CORPORATION, SIEMENS VDO AUTOMOTIVE INC, SIEMENS WESTINGHOUSE POWER CORPORATION, SPX CORPORATION, STEELCASE DEVELOPMENT CORPORATION, STERIS INC, THE STANLEY WORKS, THE TIMKEN COMPANY, TOYODA GOSEI CO LTD, TOYOTA JIDOSHA KABUSHIKI KAISHA, UNITED TECHNOLOGIES CORPORATION, WESTINGHOUSE AIR BRAKE TECHNOLOGIES CORPORATION"
"42",42,"DANA CORPORATION",14,"ACUITY BRANDS INC, ACUSHNET COMPANY, ALLIANT TECHSYSTEMS INC, ALSTOM (SWITZERLAND) LTD, ALUMINUM COMPANY OF AMERICA, ARVINMERITOR GMBH, ASHLAND INC, ASHLAND PRODUCTS INC, AUTOLIV ASP INC, BORGWARNER INC, BRUNSWICK CORPORATION, CALLAWAY GOLF COMPANY, COLOR KINETICS INCORPORATED, DAIMLERCHRYSLER AG, DAIMLERCHRYSLER CORPORATION, DENSO CORPORATION, EATON CORPORATION, FISHER CONTROLS INTERNATIONAL INC, FMC TECHNOLOGIES INC, FORD GLOBAL TECHNOLOGIES INC, FORD MOTOR COMPANY, GENLYTE THOMAS GROUP LLC, GENTEX CORPORATION, HERMAN MILLER INC, HILL ROM SERVICES INC, LEAR CORPORATION, MODINE MANUFACTURING COMPANY, NISSAN MOTOR CO LTD, NTN CORPORATION, OTIS ELEVATOR COMPANY, PARKER HANNIFIN CORPORATION, SIEMENS VDO AUTOMOTIVE CORPORATION, SIEMENS VDO AUTOMOTIVE INC, SIEMENS WESTINGHOUSE POWER CORPORATION, SPX CORPORATION, STEELCASE DEVELOPMENT CORPORATION, STERIS INC, THE STANLEY WORKS, THE TIMKEN COMPANY, TOYODA GOSEI CO LTD, TOYOTA JIDOSHA KABUSHIKI KAISHA, UNITED TECHNOLOGIES CORPORATION, WESTINGHOUSE AIR BRAKE TECHNOLOGIES CORPORATION"
"43",43,"DENSO CORPORATION",14,"ACUITY BRANDS INC, ACUSHNET COMPANY, ALLIANT TECHSYSTEMS INC, ALSTOM (SWITZERLAND) LTD, ALUMINUM COMPANY OF AMERICA, ARVINMERITOR GMBH, ASHLAND INC, ASHLAND PRODUCTS INC, AUTOLIV ASP INC, BORGWARNER INC, BRUNSWICK CORPORATION, CALLAWAY GOLF COMPANY, COLOR KINETICS INCORPORATED, DAIMLERCHRYSLER AG, DAIMLERCHRYSLER CORPORATION, DANA CORPORATION, EATON CORPORATION, FISHER CONTROLS INTERNATIONAL INC, FMC TECHNOLOGIES INC, FORD GLOBAL TECHNOLOGIES INC, FORD MOTOR COMPANY, GENLYTE THOMAS GROUP LLC, GENTEX CORPORATION, HERMAN MILLER INC, HILL ROM SERVICES INC, LEAR CORPORATION, MODINE MANUFACTURING COMPANY, NISSAN MOTOR CO LTD, NTN CORPORATION, OTIS ELEVATOR COMPANY, PARKER HANNIFIN CORPORATION, SIEMENS VDO AUTOMOTIVE CORPORATION, SIEMENS VDO AUTOMOTIVE INC, SIEMENS WESTINGHOUSE POWER CORPORATION, SPX CORPORATION, STEELCASE DEVELOPMENT CORPORATION, STERIS INC, THE STANLEY WORKS, THE TIMKEN COMPANY, TOYODA GOSEI CO LTD, TOYOTA JIDOSHA KABUSHIKI KAISHA, UNITED TECHNOLOGIES CORPORATION, WESTINGHOUSE AIR BRAKE TECHNOLOGIES CORPORATION"
"44",44,"EATON CORPORATION",14,"ACUITY BRANDS INC, ACUSHNET COMPANY, ALLIANT TECHSYSTEMS INC, ALSTOM (SWITZERLAND) LTD, ALUMINUM COMPANY OF AMERICA, ARVINMERITOR GMBH, ASHLAND INC, ASHLAND PRODUCTS INC, AUTOLIV ASP INC, BORGWARNER INC, BRUNSWICK CORPORATION, CALLAWAY GOLF COMPANY, COLOR KINETICS INCORPORATED, DAIMLERCHRYSLER AG, DAIMLERCHRYSLER CORPORATION, DANA CORPORATION, DENSO CORPORATION, FISHER CONTROLS INTERNATIONAL INC, FMC TECHNOLOGIES INC, FORD GLOBAL TECHNOLOGIES INC, FORD MOTOR COMPANY, GENLYTE THOMAS GROUP LLC, GENTEX CORPORATION, HERMAN MILLER INC, HILL ROM SERVICES INC, LEAR CORPORATION, MODINE MANUFACTURING COMPANY, NISSAN MOTOR CO LTD, NTN CORPORATION, OTIS ELEVATOR COMPANY, PARKER HANNIFIN CORPORATION, SIEMENS VDO AUTOMOTIVE CORPORATION, SIEMENS VDO AUTOMOTIVE INC, SIEMENS WESTINGHOUSE POWER CORPORATION, SPX CORPORATION, STEELCASE DEVELOPMENT CORPORATION, STERIS INC, THE STANLEY WORKS, THE TIMKEN COMPANY, TOYODA GOSEI CO LTD, TOYOTA JIDOSHA KABUSHIKI KAISHA, UNITED TECHNOLOGIES CORPORATION, WESTINGHOUSE AIR BRAKE TECHNOLOGIES CORPORATION"
"45",45,"FISHER CONTROLS INTERNATIONAL INC",14,"ACUITY BRANDS INC, ACUSHNET COMPANY, ALLIANT TECHSYSTEMS INC, ALSTOM (SWITZERLAND) LTD, ALUMINUM COMPANY OF AMERICA, ARVINMERITOR GMBH, ASHLAND INC, ASHLAND PRODUCTS INC, AUTOLIV ASP INC, BORGWARNER INC, BRUNSWICK CORPORATION, CALLAWAY GOLF COMPANY, COLOR KINETICS INCORPORATED, DAIMLERCHRYSLER AG, DAIMLERCHRYSLER CORPORATION, DANA CORPORATION, DENSO CORPORATION, EATON CORPORATION, FMC TECHNOLOGIES INC, FORD GLOBAL TECHNOLOGIES INC, FORD MOTOR COMPANY, GENLYTE THOMAS GROUP LLC, GENTEX CORPORATION, HERMAN MILLER INC, HILL ROM SERVICES INC, LEAR CORPORATION, MODINE MANUFACTURING COMPANY, NISSAN MOTOR CO LTD, NTN CORPORATION, OTIS ELEVATOR COMPANY, PARKER HANNIFIN CORPORATION, SIEMENS VDO AUTOMOTIVE CORPORATION, SIEMENS VDO AUTOMOTIVE INC, SIEMENS WESTINGHOUSE POWER CORPORATION, SPX CORPORATION, STEELCASE DEVELOPMENT CORPORATION, STERIS INC, THE STANLEY WORKS, THE TIMKEN COMPANY, TOYODA GOSEI CO LTD, TOYOTA JIDOSHA KABUSHIKI KAISHA, UNITED TECHNOLOGIES CORPORATION, WESTINGHOUSE AIR BRAKE TECHNOLOGIES CORPORATION"
"46",46,"FMC TECHNOLOGIES INC",14,"ACUITY BRANDS INC, ACUSHNET COMPANY, ALLIANT TECHSYSTEMS INC, ALSTOM (SWITZERLAND) LTD, ALUMINUM COMPANY OF AMERICA, ARVINMERITOR GMBH, ASHLAND INC, ASHLAND PRODUCTS INC, AUTOLIV ASP INC, BORGWARNER INC, BRUNSWICK CORPORATION, CALLAWAY GOLF COMPANY, COLOR KINETICS INCORPORATED, DAIMLERCHRYSLER AG, DAIMLERCHRYSLER CORPORATION, DANA CORPORATION, DENSO CORPORATION, EATON CORPORATION, FISHER CONTROLS INTERNATIONAL INC, FORD GLOBAL TECHNOLOGIES INC, FORD MOTOR COMPANY, GENLYTE THOMAS GROUP LLC, GENTEX CORPORATION, HERMAN MILLER INC, HILL ROM SERVICES INC, LEAR CORPORATION, MODINE MANUFACTURING COMPANY, NISSAN MOTOR CO LTD, NTN CORPORATION, OTIS ELEVATOR COMPANY, PARKER HANNIFIN CORPORATION, SIEMENS VDO AUTOMOTIVE CORPORATION, SIEMENS VDO AUTOMOTIVE INC, SIEMENS WESTINGHOUSE POWER CORPORATION, SPX CORPORATION, STEELCASE DEVELOPMENT CORPORATION, STERIS INC, THE STANLEY WORKS, THE TIMKEN COMPANY, TOYODA GOSEI CO LTD, TOYOTA JIDOSHA KABUSHIKI KAISHA, UNITED TECHNOLOGIES CORPORATION, WESTINGHOUSE AIR BRAKE TECHNOLOGIES CORPORATION"
"47",47,"FORD GLOBAL TECHNOLOGIES INC",14,"ACUITY BRANDS INC, ACUSHNET COMPANY, ALLIANT TECHSYSTEMS INC, ALSTOM (SWITZERLAND) LTD, ALUMINUM COMPANY OF AMERICA, ARVINMERITOR GMBH, ASHLAND INC, ASHLAND PRODUCTS INC, AUTOLIV ASP INC, BORGWARNER INC, BRUNSWICK CORPORATION, CALLAWAY GOLF COMPANY, COLOR KINETICS INCORPORATED, DAIMLERCHRYSLER AG, DAIMLERCHRYSLER CORPORATION, DANA CORPORATION, DENSO CORPORATION, EATON CORPORATION, FISHER CONTROLS INTERNATIONAL INC, FMC TECHNOLOGIES INC, FORD MOTOR COMPANY, GENLYTE THOMAS GROUP LLC, GENTEX CORPORATION, HERMAN MILLER INC, HILL ROM SERVICES INC, LEAR CORPORATION, MODINE MANUFACTURING COMPANY, NISSAN MOTOR CO LTD, NTN CORPORATION, OTIS ELEVATOR COMPANY, PARKER HANNIFIN CORPORATION, SIEMENS VDO AUTOMOTIVE CORPORATION, SIEMENS VDO AUTOMOTIVE INC, SIEMENS WESTINGHOUSE POWER CORPORATION, SPX CORPORATION, STEELCASE DEVELOPMENT CORPORATION, STERIS INC, THE STANLEY WORKS, THE TIMKEN COMPANY, TOYODA GOSEI CO LTD, TOYOTA JIDOSHA KABUSHIKI KAISHA, UNITED TECHNOLOGIES CORPORATION, WESTINGHOUSE AIR BRAKE TECHNOLOGIES CORPORATION"
"48",48,"FORD MOTOR COMPANY",14,"ACUITY BRANDS INC, ACUSHNET COMPANY, ALLIANT TECHSYSTEMS INC, ALSTOM (SWITZERLAND) LTD, ALUMINUM COMPANY OF AMERICA, ARVINMERITOR GMBH, ASHLAND INC, ASHLAND PRODUCTS INC, AUTOLIV ASP INC, BORGWARNER INC, BRUNSWICK CORPORATION, CALLAWAY GOLF COMPANY, COLOR KINETICS INCORPORATED, DAIMLERCHRYSLER AG, DAIMLERCHRYSLER CORPORATION, DANA CORPORATION, DENSO CORPORATION, EATON CORPORATION, FISHER CONTROLS INTERNATIONAL INC, FMC TECHNOLOGIES INC, FORD GLOBAL TECHNOLOGIES INC, GENLYTE THOMAS GROUP LLC, GENTEX CORPORATION, HERMAN MILLER INC, HILL ROM SERVICES INC, LEAR CORPORATION, MODINE MANUFACTURING COMPANY, NISSAN MOTOR CO LTD, NTN CORPORATION, OTIS ELEVATOR COMPANY, PARKER HANNIFIN CORPORATION, SIEMENS VDO AUTOMOTIVE CORPORATION, SIEMENS VDO AUTOMOTIVE INC, SIEMENS WESTINGHOUSE POWER CORPORATION, SPX CORPORATION, STEELCASE DEVELOPMENT CORPORATION, STERIS INC, THE STANLEY WORKS, THE TIMKEN COMPANY, TOYODA GOSEI CO LTD, TOYOTA JIDOSHA KABUSHIKI KAISHA, UNITED TECHNOLOGIES CORPORATION, WESTINGHOUSE AIR BRAKE TECHNOLOGIES CORPORATION"
"49",49,"GENLYTE THOMAS GROUP LLC",14,"ACUITY BRANDS INC, ACUSHNET COMPANY, ALLIANT TECHSYSTEMS INC, ALSTOM (SWITZERLAND) LTD, ALUMINUM COMPANY OF AMERICA, ARVINMERITOR GMBH, ASHLAND INC, ASHLAND PRODUCTS INC, AUTOLIV ASP INC, BORGWARNER INC, BRUNSWICK CORPORATION, CALLAWAY GOLF COMPANY, COLOR KINETICS INCORPORATED, DAIMLERCHRYSLER AG, DAIMLERCHRYSLER CORPORATION, DANA CORPORATION, DENSO CORPORATION, EATON CORPORATION, FISHER CONTROLS INTERNATIONAL INC, FMC TECHNOLOGIES INC, FORD GLOBAL TECHNOLOGIES INC, FORD MOTOR COMPANY, GENTEX CORPORATION, HERMAN MILLER INC, HILL ROM SERVICES INC, LEAR CORPORATION, MODINE MANUFACTURING COMPANY, NISSAN MOTOR CO LTD, NTN CORPORATION, OTIS ELEVATOR COMPANY, PARKER HANNIFIN CORPORATION, SIEMENS VDO AUTOMOTIVE CORPORATION, SIEMENS VDO AUTOMOTIVE INC, SIEMENS WESTINGHOUSE POWER CORPORATION, SPX CORPORATION, STEELCASE DEVELOPMENT CORPORATION, STERIS INC, THE STANLEY WORKS, THE TIMKEN COMPANY, TOYODA GOSEI CO LTD, TOYOTA JIDOSHA KABUSHIKI KAISHA, UNITED TECHNOLOGIES CORPORATION, WESTINGHOUSE AIR BRAKE TECHNOLOGIES CORPORATION"
"50",50,"GENTEX CORPORATION",14,"ACUITY BRANDS INC, ACUSHNET COMPANY, ALLIANT TECHSYSTEMS INC, ALSTOM (SWITZERLAND) LTD, ALUMINUM COMPANY OF AMERICA, ARVINMERITOR GMBH, ASHLAND INC, ASHLAND PRODUCTS INC, AUTOLIV ASP INC, BORGWARNER INC, BRUNSWICK CORPORATION, CALLAWAY GOLF COMPANY, COLOR KINETICS INCORPORATED, DAIMLERCHRYSLER AG, DAIMLERCHRYSLER CORPORATION, DANA CORPORATION, DENSO CORPORATION, EATON CORPORATION, FISHER CONTROLS INTERNATIONAL INC, FMC TECHNOLOGIES INC, FORD GLOBAL TECHNOLOGIES INC, FORD MOTOR COMPANY, GENLYTE THOMAS GROUP LLC, HERMAN MILLER INC, HILL ROM SERVICES INC, LEAR CORPORATION, MODINE MANUFACTURING COMPANY, NISSAN MOTOR CO LTD, NTN CORPORATION, OTIS ELEVATOR COMPANY, PARKER HANNIFIN CORPORATION, SIEMENS VDO AUTOMOTIVE CORPORATION, SIEMENS VDO AUTOMOTIVE INC, SIEMENS WESTINGHOUSE POWER CORPORATION, SPX CORPORATION, STEELCASE DEVELOPMENT CORPORATION, STERIS INC, THE STANLEY WORKS, THE TIMKEN COMPANY, TOYODA GOSEI CO LTD, TOYOTA JIDOSHA KABUSHIKI KAISHA, UNITED TECHNOLOGIES CORPORATION, WESTINGHOUSE AIR BRAKE TECHNOLOGIES CORPORATION"
"51",51,"HERMAN MILLER INC",14,"ACUITY BRANDS INC, ACUSHNET COMPANY, ALLIANT TECHSYSTEMS INC, ALSTOM (SWITZERLAND) LTD, ALUMINUM COMPANY OF AMERICA, ARVINMERITOR GMBH, ASHLAND INC, ASHLAND PRODUCTS INC, AUTOLIV ASP INC, BORGWARNER INC, BRUNSWICK CORPORATION, CALLAWAY GOLF COMPANY, COLOR KINETICS INCORPORATED, DAIMLERCHRYSLER AG, DAIMLERCHRYSLER CORPORATION, DANA CORPORATION, DENSO CORPORATION, EATON CORPORATION, FISHER CONTROLS INTERNATIONAL INC, FMC TECHNOLOGIES INC, FORD GLOBAL TECHNOLOGIES INC, FORD MOTOR COMPANY, GENLYTE THOMAS GROUP LLC, GENTEX CORPORATION, HILL ROM SERVICES INC, LEAR CORPORATION, MODINE MANUFACTURING COMPANY, NISSAN MOTOR CO LTD, NTN CORPORATION, OTIS ELEVATOR COMPANY, PARKER HANNIFIN CORPORATION, SIEMENS VDO AUTOMOTIVE CORPORATION, SIEMENS VDO AUTOMOTIVE INC, SIEMENS WESTINGHOUSE POWER CORPORATION, SPX CORPORATION, STEELCASE DEVELOPMENT CORPORATION, STERIS INC, THE STANLEY WORKS, THE TIMKEN COMPANY, TOYODA GOSEI CO LTD, TOYOTA JIDOSHA KABUSHIKI KAISHA, UNITED TECHNOLOGIES CORPORATION, WESTINGHOUSE AIR BRAKE TECHNOLOGIES CORPORATION"
"52",52,"HILL ROM SERVICES INC",14,"ACUITY BRANDS INC, ACUSHNET COMPANY, ALLIANT TECHSYSTEMS INC, ALSTOM (SWITZERLAND) LTD, ALUMINUM COMPANY OF AMERICA, ARVINMERITOR GMBH, ASHLAND INC, ASHLAND PRODUCTS INC, AUTOLIV ASP INC, BORGWARNER INC, BRUNSWICK CORPORATION, CALLAWAY GOLF COMPANY, COLOR KINETICS INCORPORATED, DAIMLERCHRYSLER AG, DAIMLERCHRYSLER CORPORATION, DANA CORPORATION, DENSO CORPORATION, EATON CORPORATION, FISHER CONTROLS INTERNATIONAL INC, FMC TECHNOLOGIES INC, FORD GLOBAL TECHNOLOGIES INC, FORD MOTOR COMPANY, GENLYTE THOMAS GROUP LLC, GENTEX CORPORATION, HERMAN MILLER INC, LEAR CORPORATION, MODINE MANUFACTURING COMPANY, NISSAN MOTOR CO LTD, NTN CORPORATION, OTIS ELEVATOR COMPANY, PARKER HANNIFIN CORPORATION, SIEMENS VDO AUTOMOTIVE CORPORATION, SIEMENS VDO AUTOMOTIVE INC, SIEMENS WESTINGHOUSE POWER CORPORATION, SPX CORPORATION, STEELCASE DEVELOPMENT CORPORATION, STERIS INC, THE STANLEY WORKS, THE TIMKEN COMPANY, TOYODA GOSEI CO LTD, TOYOTA JIDOSHA KABUSHIKI KAISHA, UNITED TECHNOLOGIES CORPORATION, WESTINGHOUSE AIR BRAKE TECHNOLOGIES CORPORATION"
"53",53,"LEAR CORPORATION",14,"ACUITY BRANDS INC, ACUSHNET COMPANY, ALLIANT TECHSYSTEMS INC, ALSTOM (SWITZERLAND) LTD, ALUMINUM COMPANY OF AMERICA, ARVINMERITOR GMBH, ASHLAND INC, ASHLAND PRODUCTS INC, AUTOLIV ASP INC, BORGWARNER INC, BRUNSWICK CORPORATION, CALLAWAY GOLF COMPANY, COLOR KINETICS INCORPORATED, DAIMLERCHRYSLER AG, DAIMLERCHRYSLER CORPORATION, DANA CORPORATION, DENSO CORPORATION, EATON CORPORATION, FISHER CONTROLS INTERNATIONAL INC, FMC TECHNOLOGIES INC, FORD GLOBAL TECHNOLOGIES INC, FORD MOTOR COMPANY, GENLYTE THOMAS GROUP LLC, GENTEX CORPORATION, HERMAN MILLER INC, HILL ROM SERVICES INC, MODINE MANUFACTURING COMPANY, NISSAN MOTOR CO LTD, NTN CORPORATION, OTIS ELEVATOR COMPANY, PARKER HANNIFIN CORPORATION, SIEMENS VDO AUTOMOTIVE CORPORATION, SIEMENS VDO AUTOMOTIVE INC, SIEMENS WESTINGHOUSE POWER CORPORATION, SPX CORPORATION, STEELCASE DEVELOPMENT CORPORATION, STERIS INC, THE STANLEY WORKS, THE TIMKEN COMPANY, TOYODA GOSEI CO LTD, TOYOTA JIDOSHA KABUSHIKI KAISHA, UNITED TECHNOLOGIES CORPORATION, WESTINGHOUSE AIR BRAKE TECHNOLOGIES CORPORATION"
"54",54,"MODINE MANUFACTURING COMPANY",14,"ACUITY BRANDS INC, ACUSHNET COMPANY, ALLIANT TECHSYSTEMS INC, ALSTOM (SWITZERLAND) LTD, ALUMINUM COMPANY OF AMERICA, ARVINMERITOR GMBH, ASHLAND INC, ASHLAND PRODUCTS INC, AUTOLIV ASP INC, BORGWARNER INC, BRUNSWICK CORPORATION, CALLAWAY GOLF COMPANY, COLOR KINETICS INCORPORATED, DAIMLERCHRYSLER AG, DAIMLERCHRYSLER CORPORATION, DANA CORPORATION, DENSO CORPORATION, EATON CORPORATION, FISHER CONTROLS INTERNATIONAL INC, FMC TECHNOLOGIES INC, FORD GLOBAL TECHNOLOGIES INC, FORD MOTOR COMPANY, GENLYTE THOMAS GROUP LLC, GENTEX CORPORATION, HERMAN MILLER INC, HILL ROM SERVICES INC, LEAR CORPORATION, NISSAN MOTOR CO LTD, NTN CORPORATION, OTIS ELEVATOR COMPANY, PARKER HANNIFIN CORPORATION, SIEMENS VDO AUTOMOTIVE CORPORATION, SIEMENS VDO AUTOMOTIVE INC, SIEMENS WESTINGHOUSE POWER CORPORATION, SPX CORPORATION, STEELCASE DEVELOPMENT CORPORATION, STERIS INC, THE STANLEY WORKS, THE TIMKEN COMPANY, TOYODA GOSEI CO LTD, TOYOTA JIDOSHA KABUSHIKI KAISHA, UNITED TECHNOLOGIES CORPORATION, WESTINGHOUSE AIR BRAKE TECHNOLOGIES CORPORATION"
"55",55,"NISSAN MOTOR CO LTD",14,"ACUITY BRANDS INC, ACUSHNET COMPANY, ALLIANT TECHSYSTEMS INC, ALSTOM (SWITZERLAND) LTD, ALUMINUM COMPANY OF AMERICA, ARVINMERITOR GMBH, ASHLAND INC, ASHLAND PRODUCTS INC, AUTOLIV ASP INC, BORGWARNER INC, BRUNSWICK CORPORATION, CALLAWAY GOLF COMPANY, COLOR KINETICS INCORPORATED, DAIMLERCHRYSLER AG, DAIMLERCHRYSLER CORPORATION, DANA CORPORATION, DENSO CORPORATION, EATON CORPORATION, FISHER CONTROLS INTERNATIONAL INC, FMC TECHNOLOGIES INC, FORD GLOBAL TECHNOLOGIES INC, FORD MOTOR COMPANY, GENLYTE THOMAS GROUP LLC, GENTEX CORPORATION, HERMAN MILLER INC, HILL ROM SERVICES INC, LEAR CORPORATION, MODINE MANUFACTURING COMPANY, NTN CORPORATION, OTIS ELEVATOR COMPANY, PARKER HANNIFIN CORPORATION, SIEMENS VDO AUTOMOTIVE CORPORATION, SIEMENS VDO AUTOMOTIVE INC, SIEMENS WESTINGHOUSE POWER CORPORATION, SPX CORPORATION, STEELCASE DEVELOPMENT CORPORATION, STERIS INC, THE STANLEY WORKS, THE TIMKEN COMPANY, TOYODA GOSEI CO LTD, TOYOTA JIDOSHA KABUSHIKI KAISHA, UNITED TECHNOLOGIES CORPORATION, WESTINGHOUSE AIR BRAKE TECHNOLOGIES CORPORATION"
"56",56,"NTN CORPORATION",14,"ACUITY BRANDS INC, ACUSHNET COMPANY, ALLIANT TECHSYSTEMS INC, ALSTOM (SWITZERLAND) LTD, ALUMINUM COMPANY OF AMERICA, ARVINMERITOR GMBH, ASHLAND INC, ASHLAND PRODUCTS INC, AUTOLIV ASP INC, BORGWARNER INC, BRUNSWICK CORPORATION, CALLAWAY GOLF COMPANY, COLOR KINETICS INCORPORATED, DAIMLERCHRYSLER AG, DAIMLERCHRYSLER CORPORATION, DANA CORPORATION, DENSO CORPORATION, EATON CORPORATION, FISHER CONTROLS INTERNATIONAL INC, FMC TECHNOLOGIES INC, FORD GLOBAL TECHNOLOGIES INC, FORD MOTOR COMPANY, GENLYTE THOMAS GROUP LLC, GENTEX CORPORATION, HERMAN MILLER INC, HILL ROM SERVICES INC, LEAR CORPORATION, MODINE MANUFACTURING COMPANY, NISSAN MOTOR CO LTD, OTIS ELEVATOR COMPANY, PARKER HANNIFIN CORPORATION, SIEMENS VDO AUTOMOTIVE CORPORATION, SIEMENS VDO AUTOMOTIVE INC, SIEMENS WESTINGHOUSE POWER CORPORATION, SPX CORPORATION, STEELCASE DEVELOPMENT CORPORATION, STERIS INC, THE STANLEY WORKS, THE TIMKEN COMPANY, TOYODA GOSEI CO LTD, TOYOTA JIDOSHA KABUSHIKI KAISHA, UNITED TECHNOLOGIES CORPORATION, WESTINGHOUSE AIR BRAKE TECHNOLOGIES CORPORATION"
"57",57,"OTIS ELEVATOR COMPANY",14,"ACUITY BRANDS INC, ACUSHNET COMPANY, ALLIANT TECHSYSTEMS INC, ALSTOM (SWITZERLAND) LTD, ALUMINUM COMPANY OF AMERICA, ARVINMERITOR GMBH, ASHLAND INC, ASHLAND PRODUCTS INC, AUTOLIV ASP INC, BORGWARNER INC, BRUNSWICK CORPORATION, CALLAWAY GOLF COMPANY, COLOR KINETICS INCORPORATED, DAIMLERCHRYSLER AG, DAIMLERCHRYSLER CORPORATION, DANA CORPORATION, DENSO CORPORATION, EATON CORPORATION, FISHER CONTROLS INTERNATIONAL INC, FMC TECHNOLOGIES INC, FORD GLOBAL TECHNOLOGIES INC, FORD MOTOR COMPANY, GENLYTE THOMAS GROUP LLC, GENTEX CORPORATION, HERMAN MILLER INC, HILL ROM SERVICES INC, LEAR CORPORATION, MODINE MANUFACTURING COMPANY, NISSAN MOTOR CO LTD, NTN CORPORATION, PARKER HANNIFIN CORPORATION, SIEMENS VDO AUTOMOTIVE CORPORATION, SIEMENS VDO AUTOMOTIVE INC, SIEMENS WESTINGHOUSE POWER CORPORATION, SPX CORPORATION, STEELCASE DEVELOPMENT CORPORATION, STERIS INC, THE STANLEY WORKS, THE TIMKEN COMPANY, TOYODA GOSEI CO LTD, TOYOTA JIDOSHA KABUSHIKI KAISHA, UNITED TECHNOLOGIES CORPORATION, WESTINGHOUSE AIR BRAKE TECHNOLOGIES CORPORATION"
"58",58,"PARKER HANNIFIN CORPORATION",14,"ACUITY BRANDS INC, ACUSHNET COMPANY, ALLIANT TECHSYSTEMS INC, ALSTOM (SWITZERLAND) LTD, ALUMINUM COMPANY OF AMERICA, ARVINMERITOR GMBH, ASHLAND INC, ASHLAND PRODUCTS INC, AUTOLIV ASP INC, BORGWARNER INC, BRUNSWICK CORPORATION, CALLAWAY GOLF COMPANY, COLOR KINETICS INCORPORATED, DAIMLERCHRYSLER AG, DAIMLERCHRYSLER CORPORATION, DANA CORPORATION, DENSO CORPORATION, EATON CORPORATION, FISHER CONTROLS INTERNATIONAL INC, FMC TECHNOLOGIES INC, FORD GLOBAL TECHNOLOGIES INC, FORD MOTOR COMPANY, GENLYTE THOMAS GROUP LLC, GENTEX CORPORATION, HERMAN MILLER INC, HILL ROM SERVICES INC, LEAR CORPORATION, MODINE MANUFACTURING COMPANY, NISSAN MOTOR CO LTD, NTN CORPORATION, OTIS ELEVATOR COMPANY, SIEMENS VDO AUTOMOTIVE CORPORATION, SIEMENS VDO AUTOMOTIVE INC, SIEMENS WESTINGHOUSE POWER CORPORATION, SPX CORPORATION, STEELCASE DEVELOPMENT CORPORATION, STERIS INC, THE STANLEY WORKS, THE TIMKEN COMPANY, TOYODA GOSEI CO LTD, TOYOTA JIDOSHA KABUSHIKI KAISHA, UNITED TECHNOLOGIES CORPORATION, WESTINGHOUSE AIR BRAKE TECHNOLOGIES CORPORATION"
"59",59,"SIEMENS VDO AUTOMOTIVE CORPORATION",14,"ACUITY BRANDS INC, ACUSHNET COMPANY, ALLIANT TECHSYSTEMS INC, ALSTOM (SWITZERLAND) LTD, ALUMINUM COMPANY OF AMERICA, ARVINMERITOR GMBH, ASHLAND INC, ASHLAND PRODUCTS INC, AUTOLIV ASP INC, BORGWARNER INC, BRUNSWICK CORPORATION, CALLAWAY GOLF COMPANY, COLOR KINETICS INCORPORATED, DAIMLERCHRYSLER AG, DAIMLERCHRYSLER CORPORATION, DANA CORPORATION, DENSO CORPORATION, EATON CORPORATION, FISHER CONTROLS INTERNATIONAL INC, FMC TECHNOLOGIES INC, FORD GLOBAL TECHNOLOGIES INC, FORD MOTOR COMPANY, GENLYTE THOMAS GROUP LLC, GENTEX CORPORATION, HERMAN MILLER INC, HILL ROM SERVICES INC, LEAR CORPORATION, MODINE MANUFACTURING COMPANY, NISSAN MOTOR CO LTD, NTN CORPORATION, OTIS ELEVATOR COMPANY, PARKER HANNIFIN CORPORATION, SIEMENS VDO AUTOMOTIVE INC, SIEMENS WESTINGHOUSE POWER CORPORATION, SPX CORPORATION, STEELCASE DEVELOPMENT CORPORATION, STERIS INC, THE STANLEY WORKS, THE TIMKEN COMPANY, TOYODA GOSEI CO LTD, TOYOTA JIDOSHA KABUSHIKI KAISHA, UNITED TECHNOLOGIES CORPORATION, WESTINGHOUSE AIR BRAKE TECHNOLOGIES CORPORATION"
"60",60,"SIEMENS VDO AUTOMOTIVE INC",14,"ACUITY BRANDS INC, ACUSHNET COMPANY, ALLIANT TECHSYSTEMS INC, ALSTOM (SWITZERLAND) LTD, ALUMINUM COMPANY OF AMERICA, ARVINMERITOR GMBH, ASHLAND INC, ASHLAND PRODUCTS INC, AUTOLIV ASP INC, BORGWARNER INC, BRUNSWICK CORPORATION, CALLAWAY GOLF COMPANY, COLOR KINETICS INCORPORATED, DAIMLERCHRYSLER AG, DAIMLERCHRYSLER CORPORATION, DANA CORPORATION, DENSO CORPORATION, EATON CORPORATION, FISHER CONTROLS INTERNATIONAL INC, FMC TECHNOLOGIES INC, FORD GLOBAL TECHNOLOGIES INC, FORD MOTOR COMPANY, GENLYTE THOMAS GROUP LLC, GENTEX CORPORATION, HERMAN MILLER INC, HILL ROM SERVICES INC, LEAR CORPORATION, MODINE MANUFACTURING COMPANY, NISSAN MOTOR CO LTD, NTN CORPORATION, OTIS ELEVATOR COMPANY, PARKER HANNIFIN CORPORATION, SIEMENS VDO AUTOMOTIVE CORPORATION, SIEMENS WESTINGHOUSE POWER CORPORATION, SPX CORPORATION, STEELCASE DEVELOPMENT CORPORATION, STERIS INC, THE STANLEY WORKS, THE TIMKEN COMPANY, TOYODA GOSEI CO LTD, TOYOTA JIDOSHA KABUSHIKI KAISHA, UNITED TECHNOLOGIES CORPORATION, WESTINGHOUSE AIR BRAKE TECHNOLOGIES CORPORATION"
"61",61,"SIEMENS WESTINGHOUSE POWER CORPORATION",14,"ACUITY BRANDS INC, ACUSHNET COMPANY, ALLIANT TECHSYSTEMS INC, ALSTOM (SWITZERLAND) LTD, ALUMINUM COMPANY OF AMERICA, ARVINMERITOR GMBH, ASHLAND INC, ASHLAND PRODUCTS INC, AUTOLIV ASP INC, BORGWARNER INC, BRUNSWICK CORPORATION, CALLAWAY GOLF COMPANY, COLOR KINETICS INCORPORATED, DAIMLERCHRYSLER AG, DAIMLERCHRYSLER CORPORATION, DANA CORPORATION, DENSO CORPORATION, EATON CORPORATION, FISHER CONTROLS INTERNATIONAL INC, FMC TECHNOLOGIES INC, FORD GLOBAL TECHNOLOGIES INC, FORD MOTOR COMPANY, GENLYTE THOMAS GROUP LLC, GENTEX CORPORATION, HERMAN MILLER INC, HILL ROM SERVICES INC, LEAR CORPORATION, MODINE MANUFACTURING COMPANY, NISSAN MOTOR CO LTD, NTN CORPORATION, OTIS ELEVATOR COMPANY, PARKER HANNIFIN CORPORATION, SIEMENS VDO AUTOMOTIVE CORPORATION, SIEMENS VDO AUTOMOTIVE INC, SPX CORPORATION, STEELCASE DEVELOPMENT CORPORATION, STERIS INC, THE STANLEY WORKS, THE TIMKEN COMPANY, TOYODA GOSEI CO LTD, TOYOTA JIDOSHA KABUSHIKI KAISHA, UNITED TECHNOLOGIES CORPORATION, WESTINGHOUSE AIR BRAKE TECHNOLOGIES CORPORATION"
"62",62,"SPX CORPORATION",14,"ACUITY BRANDS INC, ACUSHNET COMPANY, ALLIANT TECHSYSTEMS INC, ALSTOM (SWITZERLAND) LTD, ALUMINUM COMPANY OF AMERICA, ARVINMERITOR GMBH, ASHLAND INC, ASHLAND PRODUCTS INC, AUTOLIV ASP INC, BORGWARNER INC, BRUNSWICK CORPORATION, CALLAWAY GOLF COMPANY, COLOR KINETICS INCORPORATED, DAIMLERCHRYSLER AG, DAIMLERCHRYSLER CORPORATION, DANA CORPORATION, DENSO CORPORATION, EATON CORPORATION, FISHER CONTROLS INTERNATIONAL INC, FMC TECHNOLOGIES INC, FORD GLOBAL TECHNOLOGIES INC, FORD MOTOR COMPANY, GENLYTE THOMAS GROUP LLC, GENTEX CORPORATION, HERMAN MILLER INC, HILL ROM SERVICES INC, LEAR CORPORATION, MODINE MANUFACTURING COMPANY, NISSAN MOTOR CO LTD, NTN CORPORATION, OTIS ELEVATOR COMPANY, PARKER HANNIFIN CORPORATION, SIEMENS VDO AUTOMOTIVE CORPORATION, SIEMENS VDO AUTOMOTIVE INC, SIEMENS WESTINGHOUSE POWER CORPORATION, STEELCASE DEVELOPMENT CORPORATION, STERIS INC, THE STANLEY WORKS, THE TIMKEN COMPANY, TOYODA GOSEI CO LTD, TOYOTA JIDOSHA KABUSHIKI KAISHA, UNITED TECHNOLOGIES CORPORATION, WESTINGHOUSE AIR BRAKE TECHNOLOGIES CORPORATION"
"63",63,"STEELCASE DEVELOPMENT CORPORATION",14,"ACUITY BRANDS INC, ACUSHNET COMPANY, ALLIANT TECHSYSTEMS INC, ALSTOM (SWITZERLAND) LTD, ALUMINUM COMPANY OF AMERICA, ARVINMERITOR GMBH, ASHLAND INC, ASHLAND PRODUCTS INC, AUTOLIV ASP INC, BORGWARNER INC, BRUNSWICK CORPORATION, CALLAWAY GOLF COMPANY, COLOR KINETICS INCORPORATED, DAIMLERCHRYSLER AG, DAIMLERCHRYSLER CORPORATION, DANA CORPORATION, DENSO CORPORATION, EATON CORPORATION, FISHER CONTROLS INTERNATIONAL INC, FMC TECHNOLOGIES INC, FORD GLOBAL TECHNOLOGIES INC, FORD MOTOR COMPANY, GENLYTE THOMAS GROUP LLC, GENTEX CORPORATION, HERMAN MILLER INC, HILL ROM SERVICES INC, LEAR CORPORATION, MODINE MANUFACTURING COMPANY, NISSAN MOTOR CO LTD, NTN CORPORATION, OTIS ELEVATOR COMPANY, PARKER HANNIFIN CORPORATION, SIEMENS VDO AUTOMOTIVE CORPORATION, SIEMENS VDO AUTOMOTIVE INC, SIEMENS WESTINGHOUSE POWER CORPORATION, SPX CORPORATION, STERIS INC, THE STANLEY WORKS, THE TIMKEN COMPANY, TOYODA GOSEI CO LTD, TOYOTA JIDOSHA KABUSHIKI KAISHA, UNITED TECHNOLOGIES CORPORATION, WESTINGHOUSE AIR BRAKE TECHNOLOGIES CORPORATION"
"64",64,"STERIS INC",14,"ACUITY BRANDS INC, ACUSHNET COMPANY, ALLIANT TECHSYSTEMS INC, ALSTOM (SWITZERLAND) LTD, ALUMINUM COMPANY OF AMERICA, ARVINMERITOR GMBH, ASHLAND INC, ASHLAND PRODUCTS INC, AUTOLIV ASP INC, BORGWARNER INC, BRUNSWICK CORPORATION, CALLAWAY GOLF COMPANY, COLOR KINETICS INCORPORATED, DAIMLERCHRYSLER AG, DAIMLERCHRYSLER CORPORATION, DANA CORPORATION, DENSO CORPORATION, EATON CORPORATION, FISHER CONTROLS INTERNATIONAL INC, FMC TECHNOLOGIES INC, FORD GLOBAL TECHNOLOGIES INC, FORD MOTOR COMPANY, GENLYTE THOMAS GROUP LLC, GENTEX CORPORATION, HERMAN MILLER INC, HILL ROM SERVICES INC, LEAR CORPORATION, MODINE MANUFACTURING COMPANY, NISSAN MOTOR CO LTD, NTN CORPORATION, OTIS ELEVATOR COMPANY, PARKER HANNIFIN CORPORATION, SIEMENS VDO AUTOMOTIVE CORPORATION, SIEMENS VDO AUTOMOTIVE INC, SIEMENS WESTINGHOUSE POWER CORPORATION, SPX CORPORATION, STEELCASE DEVELOPMENT CORPORATION, THE STANLEY WORKS, THE TIMKEN COMPANY, TOYODA GOSEI CO LTD, TOYOTA JIDOSHA KABUSHIKI KAISHA, UNITED TECHNOLOGIES CORPORATION, WESTINGHOUSE AIR BRAKE TECHNOLOGIES CORPORATION"
"65",65,"THE STANLEY WORKS",14,"ACUITY BRANDS INC, ACUSHNET COMPANY, ALLIANT TECHSYSTEMS INC, ALSTOM (SWITZERLAND) LTD, ALUMINUM COMPANY OF AMERICA, ARVINMERITOR GMBH, ASHLAND INC, ASHLAND PRODUCTS INC, AUTOLIV ASP INC, BORGWARNER INC, BRUNSWICK CORPORATION, CALLAWAY GOLF COMPANY, COLOR KINETICS INCORPORATED, DAIMLERCHRYSLER AG, DAIMLERCHRYSLER CORPORATION, DANA CORPORATION, DENSO CORPORATION, EATON CORPORATION, FISHER CONTROLS INTERNATIONAL INC, FMC TECHNOLOGIES INC, FORD GLOBAL TECHNOLOGIES INC, FORD MOTOR COMPANY, GENLYTE THOMAS GROUP LLC, GENTEX CORPORATION, HERMAN MILLER INC, HILL ROM SERVICES INC, LEAR CORPORATION, MODINE MANUFACTURING COMPANY, NISSAN MOTOR CO LTD, NTN CORPORATION, OTIS ELEVATOR COMPANY, PARKER HANNIFIN CORPORATION, SIEMENS VDO AUTOMOTIVE CORPORATION, SIEMENS VDO AUTOMOTIVE INC, SIEMENS WESTINGHOUSE POWER CORPORATION, SPX CORPORATION, STEELCASE DEVELOPMENT CORPORATION, STERIS INC, THE TIMKEN COMPANY, TOYODA GOSEI CO LTD, TOYOTA JIDOSHA KABUSHIKI KAISHA, UNITED TECHNOLOGIES CORPORATION, WESTINGHOUSE AIR BRAKE TECHNOLOGIES CORPORATION"
"66",66,"THE TIMKEN COMPANY",14,"ACUITY BRANDS INC, ACUSHNET COMPANY, ALLIANT TECHSYSTEMS INC, ALSTOM (SWITZERLAND) LTD, ALUMINUM COMPANY OF AMERICA, ARVINMERITOR GMBH, ASHLAND INC, ASHLAND PRODUCTS INC, AUTOLIV ASP INC, BORGWARNER INC, BRUNSWICK CORPORATION, CALLAWAY GOLF COMPANY, COLOR KINETICS INCORPORATED, DAIMLERCHRYSLER AG, DAIMLERCHRYSLER CORPORATION, DANA CORPORATION, DENSO CORPORATION, EATON CORPORATION, FISHER CONTROLS INTERNATIONAL INC, FMC TECHNOLOGIES INC, FORD GLOBAL TECHNOLOGIES INC, FORD MOTOR COMPANY, GENLYTE THOMAS GROUP LLC, GENTEX CORPORATION, HERMAN MILLER INC, HILL ROM SERVICES INC, LEAR CORPORATION, MODINE MANUFACTURING COMPANY, NISSAN MOTOR CO LTD, NTN CORPORATION, OTIS ELEVATOR COMPANY, PARKER HANNIFIN CORPORATION, SIEMENS VDO AUTOMOTIVE CORPORATION, SIEMENS VDO AUTOMOTIVE INC, SIEMENS WESTINGHOUSE POWER CORPORATION, SPX CORPORATION, STEELCASE DEVELOPMENT CORPORATION, STERIS INC, THE STANLEY WORKS, TOYODA GOSEI CO LTD, TOYOTA JIDOSHA KABUSHIKI KAISHA, UNITED TECHNOLOGIES CORPORATION, WESTINGHOUSE AIR BRAKE TECHNOLOGIES CORPORATION"
"67",67,"TOYODA GOSEI CO LTD",14,"ACUITY BRANDS INC, ACUSHNET COMPANY, ALLIANT TECHSYSTEMS INC, ALSTOM (SWITZERLAND) LTD, ALUMINUM COMPANY OF AMERICA, ARVINMERITOR GMBH, ASHLAND INC, ASHLAND PRODUCTS INC, AUTOLIV ASP INC, BORGWARNER INC, BRUNSWICK CORPORATION, CALLAWAY GOLF COMPANY, COLOR KINETICS INCORPORATED, DAIMLERCHRYSLER AG, DAIMLERCHRYSLER CORPORATION, DANA CORPORATION, DENSO CORPORATION, EATON CORPORATION, FISHER CONTROLS INTERNATIONAL INC, FMC TECHNOLOGIES INC, FORD GLOBAL TECHNOLOGIES INC, FORD MOTOR COMPANY, GENLYTE THOMAS GROUP LLC, GENTEX CORPORATION, HERMAN MILLER INC, HILL ROM SERVICES INC, LEAR CORPORATION, MODINE MANUFACTURING COMPANY, NISSAN MOTOR CO LTD, NTN CORPORATION, OTIS ELEVATOR COMPANY, PARKER HANNIFIN CORPORATION, SIEMENS VDO AUTOMOTIVE CORPORATION, SIEMENS VDO AUTOMOTIVE INC, SIEMENS WESTINGHOUSE POWER CORPORATION, SPX CORPORATION, STEELCASE DEVELOPMENT CORPORATION, STERIS INC, THE STANLEY WORKS, THE TIMKEN COMPANY, TOYOTA JIDOSHA KABUSHIKI KAISHA, UNITED TECHNOLOGIES CORPORATION, WESTINGHOUSE AIR BRAKE TECHNOLOGIES CORPORATION"
"68",68,"TOYOTA JIDOSHA KABUSHIKI KAISHA",14,"ACUITY BRANDS INC, ACUSHNET COMPANY, ALLIANT TECHSYSTEMS INC, ALSTOM (SWITZERLAND) LTD, ALUMINUM COMPANY OF AMERICA, ARVINMERITOR GMBH, ASHLAND INC, ASHLAND PRODUCTS INC, AUTOLIV ASP INC, BORGWARNER INC, BRUNSWICK CORPORATION, CALLAWAY GOLF COMPANY, COLOR KINETICS INCORPORATED, DAIMLERCHRYSLER AG, DAIMLERCHRYSLER CORPORATION, DANA CORPORATION, DENSO CORPORATION, EATON CORPORATION, FISHER CONTROLS INTERNATIONAL INC, FMC TECHNOLOGIES INC, FORD GLOBAL TECHNOLOGIES INC, FORD MOTOR COMPANY, GENLYTE THOMAS GROUP LLC, GENTEX CORPORATION, HERMAN MILLER INC, HILL ROM SERVICES INC, LEAR CORPORATION, MODINE MANUFACTURING COMPANY, NISSAN MOTOR CO LTD, NTN CORPORATION, OTIS ELEVATOR COMPANY, PARKER HANNIFIN CORPORATION, SIEMENS VDO AUTOMOTIVE CORPORATION, SIEMENS VDO AUTOMOTIVE INC, SIEMENS WESTINGHOUSE POWER CORPORATION, SPX CORPORATION, STEELCASE DEVELOPMENT CORPORATION, STERIS INC, THE STANLEY WORKS, THE TIMKEN COMPANY, TOYODA GOSEI CO LTD, UNITED TECHNOLOGIES CORPORATION, WESTINGHOUSE AIR BRAKE TECHNOLOGIES CORPORATION"
"69",69,"UNITED TECHNOLOGIES CORPORATION",14,"ACUITY BRANDS INC, ACUSHNET COMPANY, ALLIANT TECHSYSTEMS INC, ALSTOM (SWITZERLAND) LTD, ALUMINUM COMPANY OF AMERICA, ARVINMERITOR GMBH, ASHLAND INC, ASHLAND PRODUCTS INC, AUTOLIV ASP INC, BORGWARNER INC, BRUNSWICK CORPORATION, CALLAWAY GOLF COMPANY, COLOR KINETICS INCORPORATED, DAIMLERCHRYSLER AG, DAIMLERCHRYSLER CORPORATION, DANA CORPORATION, DENSO CORPORATION, EATON CORPORATION, FISHER CONTROLS INTERNATIONAL INC, FMC TECHNOLOGIES INC, FORD GLOBAL TECHNOLOGIES INC, FORD MOTOR COMPANY, GENLYTE THOMAS GROUP LLC, GENTEX CORPORATION, HERMAN MILLER INC, HILL ROM SERVICES INC, LEAR CORPORATION, MODINE MANUFACTURING COMPANY, NISSAN MOTOR CO LTD, NTN CORPORATION, OTIS ELEVATOR COMPANY, PARKER HANNIFIN CORPORATION, SIEMENS VDO AUTOMOTIVE CORPORATION, SIEMENS VDO AUTOMOTIVE INC, SIEMENS WESTINGHOUSE POWER CORPORATION, SPX CORPORATION, STEELCASE DEVELOPMENT CORPORATION, STERIS INC, THE STANLEY WORKS, THE TIMKEN COMPANY, TOYODA GOSEI CO LTD, TOYOTA JIDOSHA KABUSHIKI KAISHA, WESTINGHOUSE AIR BRAKE TECHNOLOGIES CORPORATION"
"70",70,"WESTINGHOUSE AIR BRAKE TECHNOLOGIES CORPORATION",14,"ACUITY BRANDS INC, ACUSHNET COMPANY, ALLIANT TECHSYSTEMS INC, ALSTOM (SWITZERLAND) LTD, ALUMINUM COMPANY OF AMERICA, ARVINMERITOR GMBH, ASHLAND INC, ASHLAND PRODUCTS INC, AUTOLIV ASP INC, BORGWARNER INC, BRUNSWICK CORPORATION, CALLAWAY GOLF COMPANY, COLOR KINETICS INCORPORATED, DAIMLERCHRYSLER AG, DAIMLERCHRYSLER CORPORATION, DANA CORPORATION, DENSO CORPORATION, EATON CORPORATION, FISHER CONTROLS INTERNATIONAL INC, FMC TECHNOLOGIES INC, FORD GLOBAL TECHNOLOGIES INC, FORD MOTOR COMPANY, GENLYTE THOMAS GROUP LLC, GENTEX CORPORATION, HERMAN MILLER INC, HILL ROM SERVICES INC, LEAR CORPORATION, MODINE MANUFACTURING COMPANY, NISSAN MOTOR CO LTD, NTN CORPORATION, OTIS ELEVATOR COMPANY, PARKER HANNIFIN CORPORATION, SIEMENS VDO AUTOMOTIVE CORPORATION, SIEMENS VDO AUTOMOTIVE INC, SIEMENS WESTINGHOUSE POWER CORPORATION, SPX CORPORATION, STEELCASE DEVELOPMENT CORPORATION, STERIS INC, THE STANLEY WORKS, THE TIMKEN COMPANY, TOYODA GOSEI CO LTD, TOYOTA JIDOSHA KABUSHIKI KAISHA, UNITED TECHNOLOGIES CORPORATION"
"71",71,"DELPHI TECHNOLOGIES INC",16,"FORD GLOBAL TECHNOLOGIES LLC, GENERAL MOTORS CORPORATION, ROBERT BOSCH GMBH, VISTEON GLOBAL TECHNOLOGIES INC"
"72",72,"FORD GLOBAL TECHNOLOGIES LLC",16,"DELPHI TECHNOLOGIES INC, GENERAL MOTORS CORPORATION, ROBERT BOSCH GMBH, VISTEON GLOBAL TECHNOLOGIES INC"
"73",73,"GENERAL MOTORS CORPORATION",16,"DELPHI TECHNOLOGIES INC, FORD GLOBAL TECHNOLOGIES LLC, ROBERT BOSCH GMBH, VISTEON GLOBAL TECHNOLOGIES INC"
"74",74,"ROBERT BOSCH GMBH",16,"DELPHI TECHNOLOGIES INC, FORD GLOBAL TECHNOLOGIES LLC, GENERAL MOTORS CORPORATION, VISTEON GLOBAL TECHNOLOGIES INC"
"75",75,"VISTEON GLOBAL TECHNOLOGIES INC",16,"DELPHI TECHNOLOGIES INC, FORD GLOBAL TECHNOLOGIES LLC, GENERAL MOTORS CORPORATION, ROBERT BOSCH GMBH"
"76",76,"ABBOTT LABORATORIES",29,"AKZO NOBEL NV, ARCHER DANIELS MIDLAND COMPANY, ASTRAZENECA AB, AVENTIS PHARMA DEUTSCHLAND GMBH, AVENTIS PHARMA SA, BRISTOL MYERS SQUIBB COMPANY, CHIRON CORPORATION, CIBA SPECIALTY CHEMICALS CORPORATION, DIVERSA CORPORATION, DOW GLOBAL TECHNOLOGIES INC, EASTMAN CHEMICAL COMPANY, ELI LILLY AND COMPANY, GENENCOR INTERNATIONAL INC, GENENTECH INC, GERON CORPORATION, HUMAN GENOME SCIENCES INC, ISIS PHARMACEUTICALS INC, KAO CORPORATION, LARGE SCALE BIOLOGY CORPORATION, MAXYGEN INC, MERCK & CO INC, MILLENNIUM PHARMACEUTICALS INC, MONSANTO TECHNOLOGY LLC, NOVARTIS AG, PFIZER INC, SCHERING CORPORATION, UNILEVER HOME & PERSONAL CARE USA DIVISION OF CONOPCO INC, WYETH"
"77",77,"AKZO NOBEL NV",29,"ABBOTT LABORATORIES, ARCHER DANIELS MIDLAND COMPANY, ASTRAZENECA AB, AVENTIS PHARMA DEUTSCHLAND GMBH, AVENTIS PHARMA SA, BRISTOL MYERS SQUIBB COMPANY, CHIRON CORPORATION, CIBA SPECIALTY CHEMICALS CORPORATION, DIVERSA CORPORATION, DOW GLOBAL TECHNOLOGIES INC, EASTMAN CHEMICAL COMPANY, ELI LILLY AND COMPANY, GENENCOR INTERNATIONAL INC, GENENTECH INC, GERON CORPORATION, HUMAN GENOME SCIENCES INC, ISIS PHARMACEUTICALS INC, KAO CORPORATION, LARGE SCALE BIOLOGY CORPORATION, MAXYGEN INC, MERCK & CO INC, MILLENNIUM PHARMACEUTICALS INC, MONSANTO TECHNOLOGY LLC, NOVARTIS AG, PFIZER INC, SCHERING CORPORATION, UNILEVER HOME & PERSONAL CARE USA DIVISION OF CONOPCO INC, WYETH"
"78",78,"ARCHER DANIELS MIDLAND COMPANY",29,"ABBOTT LABORATORIES, AKZO NOBEL NV, ASTRAZENECA AB, AVENTIS PHARMA DEUTSCHLAND GMBH, AVENTIS PHARMA SA, BRISTOL MYERS SQUIBB COMPANY, CHIRON CORPORATION, CIBA SPECIALTY CHEMICALS CORPORATION, DIVERSA CORPORATION, DOW GLOBAL TECHNOLOGIES INC, EASTMAN CHEMICAL COMPANY, ELI LILLY AND COMPANY, GENENCOR INTERNATIONAL INC, GENENTECH INC, GERON CORPORATION, HUMAN GENOME SCIENCES INC, ISIS PHARMACEUTICALS INC, KAO CORPORATION, LARGE SCALE BIOLOGY CORPORATION, MAXYGEN INC, MERCK & CO INC, MILLENNIUM PHARMACEUTICALS INC, MONSANTO TECHNOLOGY LLC, NOVARTIS AG, PFIZER INC, SCHERING CORPORATION, UNILEVER HOME & PERSONAL CARE USA DIVISION OF CONOPCO INC, WYETH"
"79",79,"ASTRAZENECA AB",29,"ABBOTT LABORATORIES, AKZO NOBEL NV, ARCHER DANIELS MIDLAND COMPANY, AVENTIS PHARMA DEUTSCHLAND GMBH, AVENTIS PHARMA SA, BRISTOL MYERS SQUIBB COMPANY, CHIRON CORPORATION, CIBA SPECIALTY CHEMICALS CORPORATION, DIVERSA CORPORATION, DOW GLOBAL TECHNOLOGIES INC, EASTMAN CHEMICAL COMPANY, ELI LILLY AND COMPANY, GENENCOR INTERNATIONAL INC, GENENTECH INC, GERON CORPORATION, HUMAN GENOME SCIENCES INC, ISIS PHARMACEUTICALS INC, KAO CORPORATION, LARGE SCALE BIOLOGY CORPORATION, MAXYGEN INC, MERCK & CO INC, MILLENNIUM PHARMACEUTICALS INC, MONSANTO TECHNOLOGY LLC, NOVARTIS AG, PFIZER INC, SCHERING CORPORATION, UNILEVER HOME & PERSONAL CARE USA DIVISION OF CONOPCO INC, WYETH"
"80",80,"AVENTIS PHARMA DEUTSCHLAND GMBH",29,"ABBOTT LABORATORIES, AKZO NOBEL NV, ARCHER DANIELS MIDLAND COMPANY, ASTRAZENECA AB, AVENTIS PHARMA SA, BRISTOL MYERS SQUIBB COMPANY, CHIRON CORPORATION, CIBA SPECIALTY CHEMICALS CORPORATION, DIVERSA CORPORATION, DOW GLOBAL TECHNOLOGIES INC, EASTMAN CHEMICAL COMPANY, ELI LILLY AND COMPANY, GENENCOR INTERNATIONAL INC, GENENTECH INC, GERON CORPORATION, HUMAN GENOME SCIENCES INC, ISIS PHARMACEUTICALS INC, KAO CORPORATION, LARGE SCALE BIOLOGY CORPORATION, MAXYGEN INC, MERCK & CO INC, MILLENNIUM PHARMACEUTICALS INC, MONSANTO TECHNOLOGY LLC, NOVARTIS AG, PFIZER INC, SCHERING CORPORATION, UNILEVER HOME & PERSONAL CARE USA DIVISION OF CONOPCO INC, WYETH"
"81",81,"AVENTIS PHARMA SA",29,"ABBOTT LABORATORIES, AKZO NOBEL NV, ARCHER DANIELS MIDLAND COMPANY, ASTRAZENECA AB, AVENTIS PHARMA DEUTSCHLAND GMBH, BRISTOL MYERS SQUIBB COMPANY, CHIRON CORPORATION, CIBA SPECIALTY CHEMICALS CORPORATION, DIVERSA CORPORATION, DOW GLOBAL TECHNOLOGIES INC, EASTMAN CHEMICAL COMPANY, ELI LILLY AND COMPANY, GENENCOR INTERNATIONAL INC, GENENTECH INC, GERON CORPORATION, HUMAN GENOME SCIENCES INC, ISIS PHARMACEUTICALS INC, KAO CORPORATION, LARGE SCALE BIOLOGY CORPORATION, MAXYGEN INC, MERCK & CO INC, MILLENNIUM PHARMACEUTICALS INC, MONSANTO TECHNOLOGY LLC, NOVARTIS AG, PFIZER INC, SCHERING CORPORATION, UNILEVER HOME & PERSONAL CARE USA DIVISION OF CONOPCO INC, WYETH"
"82",82,"BRISTOL MYERS SQUIBB COMPANY",29,"ABBOTT LABORATORIES, AKZO NOBEL NV, ARCHER DANIELS MIDLAND COMPANY, ASTRAZENECA AB, AVENTIS PHARMA DEUTSCHLAND GMBH, AVENTIS PHARMA SA, CHIRON CORPORATION, CIBA SPECIALTY CHEMICALS CORPORATION, DIVERSA CORPORATION, DOW GLOBAL TECHNOLOGIES INC, EASTMAN CHEMICAL COMPANY, ELI LILLY AND COMPANY, GENENCOR INTERNATIONAL INC, GENENTECH INC, GERON CORPORATION, HUMAN GENOME SCIENCES INC, ISIS PHARMACEUTICALS INC, KAO CORPORATION, LARGE SCALE BIOLOGY CORPORATION, MAXYGEN INC, MERCK & CO INC, MILLENNIUM PHARMACEUTICALS INC, MONSANTO TECHNOLOGY LLC, NOVARTIS AG, PFIZER INC, SCHERING CORPORATION, UNILEVER HOME & PERSONAL CARE USA DIVISION OF CONOPCO INC, WYETH"
"83",83,"CHIRON CORPORATION",29,"ABBOTT LABORATORIES, AKZO NOBEL NV, ARCHER DANIELS MIDLAND COMPANY, ASTRAZENECA AB, AVENTIS PHARMA DEUTSCHLAND GMBH, AVENTIS PHARMA SA, BRISTOL MYERS SQUIBB COMPANY, CIBA SPECIALTY CHEMICALS CORPORATION, DIVERSA CORPORATION, DOW GLOBAL TECHNOLOGIES INC, EASTMAN CHEMICAL COMPANY, ELI LILLY AND COMPANY, GENENCOR INTERNATIONAL INC, GENENTECH INC, GERON CORPORATION, HUMAN GENOME SCIENCES INC, ISIS PHARMACEUTICALS INC, KAO CORPORATION, LARGE SCALE BIOLOGY CORPORATION, MAXYGEN INC, MERCK & CO INC, MILLENNIUM PHARMACEUTICALS INC, MONSANTO TECHNOLOGY LLC, NOVARTIS AG, PFIZER INC, SCHERING CORPORATION, UNILEVER HOME & PERSONAL CARE USA DIVISION OF CONOPCO INC, WYETH"
"84",84,"CIBA SPECIALTY CHEMICALS CORPORATION",29,"ABBOTT LABORATORIES, AKZO NOBEL NV, ARCHER DANIELS MIDLAND COMPANY, ASTRAZENECA AB, AVENTIS PHARMA DEUTSCHLAND GMBH, AVENTIS PHARMA SA, BRISTOL MYERS SQUIBB COMPANY, CHIRON CORPORATION, DIVERSA CORPORATION, DOW GLOBAL TECHNOLOGIES INC, EASTMAN CHEMICAL COMPANY, ELI LILLY AND COMPANY, GENENCOR INTERNATIONAL INC, GENENTECH INC, GERON CORPORATION, HUMAN GENOME SCIENCES INC, ISIS PHARMACEUTICALS INC, KAO CORPORATION, LARGE SCALE BIOLOGY CORPORATION, MAXYGEN INC, MERCK & CO INC, MILLENNIUM PHARMACEUTICALS INC, MONSANTO TECHNOLOGY LLC, NOVARTIS AG, PFIZER INC, SCHERING CORPORATION, UNILEVER HOME & PERSONAL CARE USA DIVISION OF CONOPCO INC, WYETH"
"85",85,"DIVERSA CORPORATION",29,"ABBOTT LABORATORIES, AKZO NOBEL NV, ARCHER DANIELS MIDLAND COMPANY, ASTRAZENECA AB, AVENTIS PHARMA DEUTSCHLAND GMBH, AVENTIS PHARMA SA, BRISTOL MYERS SQUIBB COMPANY, CHIRON CORPORATION, CIBA SPECIALTY CHEMICALS CORPORATION, DOW GLOBAL TECHNOLOGIES INC, EASTMAN CHEMICAL COMPANY, ELI LILLY AND COMPANY, GENENCOR INTERNATIONAL INC, GENENTECH INC, GERON CORPORATION, HUMAN GENOME SCIENCES INC, ISIS PHARMACEUTICALS INC, KAO CORPORATION, LARGE SCALE BIOLOGY CORPORATION, MAXYGEN INC, MERCK & CO INC, MILLENNIUM PHARMACEUTICALS INC, MONSANTO TECHNOLOGY LLC, NOVARTIS AG, PFIZER INC, SCHERING CORPORATION, UNILEVER HOME & PERSONAL CARE USA DIVISION OF CONOPCO INC, WYETH"
"86",86,"DOW GLOBAL TECHNOLOGIES INC",29,"ABBOTT LABORATORIES, AKZO NOBEL NV, ARCHER DANIELS MIDLAND COMPANY, ASTRAZENECA AB, AVENTIS PHARMA DEUTSCHLAND GMBH, AVENTIS PHARMA SA, BRISTOL MYERS SQUIBB COMPANY, CHIRON CORPORATION, CIBA SPECIALTY CHEMICALS CORPORATION, DIVERSA CORPORATION, EASTMAN CHEMICAL COMPANY, ELI LILLY AND COMPANY, GENENCOR INTERNATIONAL INC, GENENTECH INC, GERON CORPORATION, HUMAN GENOME SCIENCES INC, ISIS PHARMACEUTICALS INC, KAO CORPORATION, LARGE SCALE BIOLOGY CORPORATION, MAXYGEN INC, MERCK & CO INC, MILLENNIUM PHARMACEUTICALS INC, MONSANTO TECHNOLOGY LLC, NOVARTIS AG, PFIZER INC, SCHERING CORPORATION, UNILEVER HOME & PERSONAL CARE USA DIVISION OF CONOPCO INC, WYETH"
"87",87,"EASTMAN CHEMICAL COMPANY",29,"ABBOTT LABORATORIES, AKZO NOBEL NV, ARCHER DANIELS MIDLAND COMPANY, ASTRAZENECA AB, AVENTIS PHARMA DEUTSCHLAND GMBH, AVENTIS PHARMA SA, BRISTOL MYERS SQUIBB COMPANY, CHIRON CORPORATION, CIBA SPECIALTY CHEMICALS CORPORATION, DIVERSA CORPORATION, DOW GLOBAL TECHNOLOGIES INC, ELI LILLY AND COMPANY, GENENCOR INTERNATIONAL INC, GENENTECH INC, GERON CORPORATION, HUMAN GENOME SCIENCES INC, ISIS PHARMACEUTICALS INC, KAO CORPORATION, LARGE SCALE BIOLOGY CORPORATION, MAXYGEN INC, MERCK & CO INC, MILLENNIUM PHARMACEUTICALS INC, MONSANTO TECHNOLOGY LLC, NOVARTIS AG, PFIZER INC, SCHERING CORPORATION, UNILEVER HOME & PERSONAL CARE USA DIVISION OF CONOPCO INC, WYETH"
"88",88,"ELI LILLY AND COMPANY",29,"ABBOTT LABORATORIES, AKZO NOBEL NV, ARCHER DANIELS MIDLAND COMPANY, ASTRAZENECA AB, AVENTIS PHARMA DEUTSCHLAND GMBH, AVENTIS PHARMA SA, BRISTOL MYERS SQUIBB COMPANY, CHIRON CORPORATION, CIBA SPECIALTY CHEMICALS CORPORATION, DIVERSA CORPORATION, DOW GLOBAL TECHNOLOGIES INC, EASTMAN CHEMICAL COMPANY, GENENCOR INTERNATIONAL INC, GENENTECH INC, GERON CORPORATION, HUMAN GENOME SCIENCES INC, ISIS PHARMACEUTICALS INC, KAO CORPORATION, LARGE SCALE BIOLOGY CORPORATION, MAXYGEN INC, MERCK & CO INC, MILLENNIUM PHARMACEUTICALS INC, MONSANTO TECHNOLOGY LLC, NOVARTIS AG, PFIZER INC, SCHERING CORPORATION, UNILEVER HOME & PERSONAL CARE USA DIVISION OF CONOPCO INC, WYETH"
"89",89,"GENENCOR INTERNATIONAL INC",29,"ABBOTT LABORATORIES, AKZO NOBEL NV, ARCHER DANIELS MIDLAND COMPANY, ASTRAZENECA AB, AVENTIS PHARMA DEUTSCHLAND GMBH, AVENTIS PHARMA SA, BRISTOL MYERS SQUIBB COMPANY, CHIRON CORPORATION, CIBA SPECIALTY CHEMICALS CORPORATION, DIVERSA CORPORATION, DOW GLOBAL TECHNOLOGIES INC, EASTMAN CHEMICAL COMPANY, ELI LILLY AND COMPANY, GENENTECH INC, GERON CORPORATION, HUMAN GENOME SCIENCES INC, ISIS PHARMACEUTICALS INC, KAO CORPORATION, LARGE SCALE BIOLOGY CORPORATION, MAXYGEN INC, MERCK & CO INC, MILLENNIUM PHARMACEUTICALS INC, MONSANTO TECHNOLOGY LLC, NOVARTIS AG, PFIZER INC, SCHERING CORPORATION, UNILEVER HOME & PERSONAL CARE USA DIVISION OF CONOPCO INC, WYETH"
"90",90,"GENENTECH INC",29,"ABBOTT LABORATORIES, AKZO NOBEL NV, ARCHER DANIELS MIDLAND COMPANY, ASTRAZENECA AB, AVENTIS PHARMA DEUTSCHLAND GMBH, AVENTIS PHARMA SA, BRISTOL MYERS SQUIBB COMPANY, CHIRON CORPORATION, CIBA SPECIALTY CHEMICALS CORPORATION, DIVERSA CORPORATION, DOW GLOBAL TECHNOLOGIES INC, EASTMAN CHEMICAL COMPANY, ELI LILLY AND COMPANY, GENENCOR INTERNATIONAL INC, GERON CORPORATION, HUMAN GENOME SCIENCES INC, ISIS PHARMACEUTICALS INC, KAO CORPORATION, LARGE SCALE BIOLOGY CORPORATION, MAXYGEN INC, MERCK & CO INC, MILLENNIUM PHARMACEUTICALS INC, MONSANTO TECHNOLOGY LLC, NOVARTIS AG, PFIZER INC, SCHERING CORPORATION, UNILEVER HOME & PERSONAL CARE USA DIVISION OF CONOPCO INC, WYETH"
"91",91,"GERON CORPORATION",29,"ABBOTT LABORATORIES, AKZO NOBEL NV, ARCHER DANIELS MIDLAND COMPANY, ASTRAZENECA AB, AVENTIS PHARMA DEUTSCHLAND GMBH, AVENTIS PHARMA SA, BRISTOL MYERS SQUIBB COMPANY, CHIRON CORPORATION, CIBA SPECIALTY CHEMICALS CORPORATION, DIVERSA CORPORATION, DOW GLOBAL TECHNOLOGIES INC, EASTMAN CHEMICAL COMPANY, ELI LILLY AND COMPANY, GENENCOR INTERNATIONAL INC, GENENTECH INC, HUMAN GENOME SCIENCES INC, ISIS PHARMACEUTICALS INC, KAO CORPORATION, LARGE SCALE BIOLOGY CORPORATION, MAXYGEN INC, MERCK & CO INC, MILLENNIUM PHARMACEUTICALS INC, MONSANTO TECHNOLOGY LLC, NOVARTIS AG, PFIZER INC, SCHERING CORPORATION, UNILEVER HOME & PERSONAL CARE USA DIVISION OF CONOPCO INC, WYETH"
"92",92,"HUMAN GENOME SCIENCES INC",29,"ABBOTT LABORATORIES, AKZO NOBEL NV, ARCHER DANIELS MIDLAND COMPANY, ASTRAZENECA AB, AVENTIS PHARMA DEUTSCHLAND GMBH, AVENTIS PHARMA SA, BRISTOL MYERS SQUIBB COMPANY, CHIRON CORPORATION, CIBA SPECIALTY CHEMICALS CORPORATION, DIVERSA CORPORATION, DOW GLOBAL TECHNOLOGIES INC, EASTMAN CHEMICAL COMPANY, ELI LILLY AND COMPANY, GENENCOR INTERNATIONAL INC, GENENTECH INC, GERON CORPORATION, ISIS PHARMACEUTICALS INC, KAO CORPORATION, LARGE SCALE BIOLOGY CORPORATION, MAXYGEN INC, MERCK & CO INC, MILLENNIUM PHARMACEUTICALS INC, MONSANTO TECHNOLOGY LLC, NOVARTIS AG, PFIZER INC, SCHERING CORPORATION, UNILEVER HOME & PERSONAL CARE USA DIVISION OF CONOPCO INC, WYETH"
"93",93,"ISIS PHARMACEUTICALS INC",29,"ABBOTT LABORATORIES, AKZO NOBEL NV, ARCHER DANIELS MIDLAND COMPANY, ASTRAZENECA AB, AVENTIS PHARMA DEUTSCHLAND GMBH, AVENTIS PHARMA SA, BRISTOL MYERS SQUIBB COMPANY, CHIRON CORPORATION, CIBA SPECIALTY CHEMICALS CORPORATION, DIVERSA CORPORATION, DOW GLOBAL TECHNOLOGIES INC, EASTMAN CHEMICAL COMPANY, ELI LILLY AND COMPANY, GENENCOR INTERNATIONAL INC, GENENTECH INC, GERON CORPORATION, HUMAN GENOME SCIENCES INC, KAO CORPORATION, LARGE SCALE BIOLOGY CORPORATION, MAXYGEN INC, MERCK & CO INC, MILLENNIUM PHARMACEUTICALS INC, MONSANTO TECHNOLOGY LLC, NOVARTIS AG, PFIZER INC, SCHERING CORPORATION, UNILEVER HOME & PERSONAL CARE USA DIVISION OF CONOPCO INC, WYETH"
"94",94,"KAO CORPORATION",29,"ABBOTT LABORATORIES, AKZO NOBEL NV, ARCHER DANIELS MIDLAND COMPANY, ASTRAZENECA AB, AVENTIS PHARMA DEUTSCHLAND GMBH, AVENTIS PHARMA SA, BRISTOL MYERS SQUIBB COMPANY, CHIRON CORPORATION, CIBA SPECIALTY CHEMICALS CORPORATION, DIVERSA CORPORATION, DOW GLOBAL TECHNOLOGIES INC, EASTMAN CHEMICAL COMPANY, ELI LILLY AND COMPANY, GENENCOR INTERNATIONAL INC, GENENTECH INC, GERON CORPORATION, HUMAN GENOME SCIENCES INC, ISIS PHARMACEUTICALS INC, LARGE SCALE BIOLOGY CORPORATION, MAXYGEN INC, MERCK & CO INC, MILLENNIUM PHARMACEUTICALS INC, MONSANTO TECHNOLOGY LLC, NOVARTIS AG, PFIZER INC, SCHERING CORPORATION, UNILEVER HOME & PERSONAL CARE USA DIVISION OF CONOPCO INC, WYETH"
"95",95,"LARGE SCALE BIOLOGY CORPORATION",29,"ABBOTT LABORATORIES, AKZO NOBEL NV, ARCHER DANIELS MIDLAND COMPANY, ASTRAZENECA AB, AVENTIS PHARMA DEUTSCHLAND GMBH, AVENTIS PHARMA SA, BRISTOL MYERS SQUIBB COMPANY, CHIRON CORPORATION, CIBA SPECIALTY CHEMICALS CORPORATION, DIVERSA CORPORATION, DOW GLOBAL TECHNOLOGIES INC, EASTMAN CHEMICAL COMPANY, ELI LILLY AND COMPANY, GENENCOR INTERNATIONAL INC, GENENTECH INC, GERON CORPORATION, HUMAN GENOME SCIENCES INC, ISIS PHARMACEUTICALS INC, KAO CORPORATION, MAXYGEN INC, MERCK & CO INC, MILLENNIUM PHARMACEUTICALS INC, MONSANTO TECHNOLOGY LLC, NOVARTIS AG, PFIZER INC, SCHERING CORPORATION, UNILEVER HOME & PERSONAL CARE USA DIVISION OF CONOPCO INC, WYETH"
"96",96,"MAXYGEN INC",29,"ABBOTT LABORATORIES, AKZO NOBEL NV, ARCHER DANIELS MIDLAND COMPANY, ASTRAZENECA AB, AVENTIS PHARMA DEUTSCHLAND GMBH, AVENTIS PHARMA SA, BRISTOL MYERS SQUIBB COMPANY, CHIRON CORPORATION, CIBA SPECIALTY CHEMICALS CORPORATION, DIVERSA CORPORATION, DOW GLOBAL TECHNOLOGIES INC, EASTMAN CHEMICAL COMPANY, ELI LILLY AND COMPANY, GENENCOR INTERNATIONAL INC, GENENTECH INC, GERON CORPORATION, HUMAN GENOME SCIENCES INC, ISIS PHARMACEUTICALS INC, KAO CORPORATION, LARGE SCALE BIOLOGY CORPORATION, MERCK & CO INC, MILLENNIUM PHARMACEUTICALS INC, MONSANTO TECHNOLOGY LLC, NOVARTIS AG, PFIZER INC, SCHERING CORPORATION, UNILEVER HOME & PERSONAL CARE USA DIVISION OF CONOPCO INC, WYETH"
"97",97,"MERCK & CO INC",29,"ABBOTT LABORATORIES, AKZO NOBEL NV, ARCHER DANIELS MIDLAND COMPANY, ASTRAZENECA AB, AVENTIS PHARMA DEUTSCHLAND GMBH, AVENTIS PHARMA SA, BRISTOL MYERS SQUIBB COMPANY, CHIRON CORPORATION, CIBA SPECIALTY CHEMICALS CORPORATION, DIVERSA CORPORATION, DOW GLOBAL TECHNOLOGIES INC, EASTMAN CHEMICAL COMPANY, ELI LILLY AND COMPANY, GENENCOR INTERNATIONAL INC, GENENTECH INC, GERON CORPORATION, HUMAN GENOME SCIENCES INC, ISIS PHARMACEUTICALS INC, KAO CORPORATION, LARGE SCALE BIOLOGY CORPORATION, MAXYGEN INC, MILLENNIUM PHARMACEUTICALS INC, MONSANTO TECHNOLOGY LLC, NOVARTIS AG, PFIZER INC, SCHERING CORPORATION, UNILEVER HOME & PERSONAL CARE USA DIVISION OF CONOPCO INC, WYETH"
"98",98,"MILLENNIUM PHARMACEUTICALS INC",29,"ABBOTT LABORATORIES, AKZO NOBEL NV, ARCHER DANIELS MIDLAND COMPANY, ASTRAZENECA AB, AVENTIS PHARMA DEUTSCHLAND GMBH, AVENTIS PHARMA SA, BRISTOL MYERS SQUIBB COMPANY, CHIRON CORPORATION, CIBA SPECIALTY CHEMICALS CORPORATION, DIVERSA CORPORATION, DOW GLOBAL TECHNOLOGIES INC, EASTMAN CHEMICAL COMPANY, ELI LILLY AND COMPANY, GENENCOR INTERNATIONAL INC, GENENTECH INC, GERON CORPORATION, HUMAN GENOME SCIENCES INC, ISIS PHARMACEUTICALS INC, KAO CORPORATION, LARGE SCALE BIOLOGY CORPORATION, MAXYGEN INC, MERCK & CO INC, MONSANTO TECHNOLOGY LLC, NOVARTIS AG, PFIZER INC, SCHERING CORPORATION, UNILEVER HOME & PERSONAL CARE USA DIVISION OF CONOPCO INC, WYETH"
"99",99,"MONSANTO TECHNOLOGY LLC",29,"ABBOTT LABORATORIES, AKZO NOBEL NV, ARCHER DANIELS MIDLAND COMPANY, ASTRAZENECA AB, AVENTIS PHARMA DEUTSCHLAND GMBH, AVENTIS PHARMA SA, BRISTOL MYERS SQUIBB COMPANY, CHIRON CORPORATION, CIBA SPECIALTY CHEMICALS CORPORATION, DIVERSA CORPORATION, DOW GLOBAL TECHNOLOGIES INC, EASTMAN CHEMICAL COMPANY, ELI LILLY AND COMPANY, GENENCOR INTERNATIONAL INC, GENENTECH INC, GERON CORPORATION, HUMAN GENOME SCIENCES INC, ISIS PHARMACEUTICALS INC, KAO CORPORATION, LARGE SCALE BIOLOGY CORPORATION, MAXYGEN INC, MERCK & CO INC, MILLENNIUM PHARMACEUTICALS INC, NOVARTIS AG, PFIZER INC, SCHERING CORPORATION, UNILEVER HOME & PERSONAL CARE USA DIVISION OF CONOPCO INC, WYETH"
"100",100,"NOVARTIS AG",29,"ABBOTT LABORATORIES, AKZO NOBEL NV, ARCHER DANIELS MIDLAND COMPANY, ASTRAZENECA AB, AVENTIS PHARMA DEUTSCHLAND GMBH, AVENTIS PHARMA SA, BRISTOL MYERS SQUIBB COMPANY, CHIRON CORPORATION, CIBA SPECIALTY CHEMICALS CORPORATION, DIVERSA CORPORATION, DOW GLOBAL TECHNOLOGIES INC, EASTMAN CHEMICAL COMPANY, ELI LILLY AND COMPANY, GENENCOR INTERNATIONAL INC, GENENTECH INC, GERON CORPORATION, HUMAN GENOME SCIENCES INC, ISIS PHARMACEUTICALS INC, KAO CORPORATION, LARGE SCALE BIOLOGY CORPORATION, MAXYGEN INC, MERCK & CO INC, MILLENNIUM PHARMACEUTICALS INC, MONSANTO TECHNOLOGY LLC, PFIZER INC, SCHERING CORPORATION, UNILEVER HOME & PERSONAL CARE USA DIVISION OF CONOPCO INC, WYETH"
"101",101,"PFIZER INC",29,"ABBOTT LABORATORIES, AKZO NOBEL NV, ARCHER DANIELS MIDLAND COMPANY, ASTRAZENECA AB, AVENTIS PHARMA DEUTSCHLAND GMBH, AVENTIS PHARMA SA, BRISTOL MYERS SQUIBB COMPANY, CHIRON CORPORATION, CIBA SPECIALTY CHEMICALS CORPORATION, DIVERSA CORPORATION, DOW GLOBAL TECHNOLOGIES INC, EASTMAN CHEMICAL COMPANY, ELI LILLY AND COMPANY, GENENCOR INTERNATIONAL INC, GENENTECH INC, GERON CORPORATION, HUMAN GENOME SCIENCES INC, ISIS PHARMACEUTICALS INC, KAO CORPORATION, LARGE SCALE BIOLOGY CORPORATION, MAXYGEN INC, MERCK & CO INC, MILLENNIUM PHARMACEUTICALS INC, MONSANTO TECHNOLOGY LLC, NOVARTIS AG, SCHERING CORPORATION, UNILEVER HOME & PERSONAL CARE USA DIVISION OF CONOPCO INC, WYETH"
"102",102,"SCHERING CORPORATION",29,"ABBOTT LABORATORIES, AKZO NOBEL NV, ARCHER DANIELS MIDLAND COMPANY, ASTRAZENECA AB, AVENTIS PHARMA DEUTSCHLAND GMBH, AVENTIS PHARMA SA, BRISTOL MYERS SQUIBB COMPANY, CHIRON CORPORATION, CIBA SPECIALTY CHEMICALS CORPORATION, DIVERSA CORPORATION, DOW GLOBAL TECHNOLOGIES INC, EASTMAN CHEMICAL COMPANY, ELI LILLY AND COMPANY, GENENCOR INTERNATIONAL INC, GENENTECH INC, GERON CORPORATION, HUMAN GENOME SCIENCES INC, ISIS PHARMACEUTICALS INC, KAO CORPORATION, LARGE SCALE BIOLOGY CORPORATION, MAXYGEN INC, MERCK & CO INC, MILLENNIUM PHARMACEUTICALS INC, MONSANTO TECHNOLOGY LLC, NOVARTIS AG, PFIZER INC, UNILEVER HOME & PERSONAL CARE USA DIVISION OF CONOPCO INC, WYETH"
"103",103,"UNILEVER HOME & PERSONAL CARE USA DIVISION OF CONOPCO INC",29,"ABBOTT LABORATORIES, AKZO NOBEL NV, ARCHER DANIELS MIDLAND COMPANY, ASTRAZENECA AB, AVENTIS PHARMA DEUTSCHLAND GMBH, AVENTIS PHARMA SA, BRISTOL MYERS SQUIBB COMPANY, CHIRON CORPORATION, CIBA SPECIALTY CHEMICALS CORPORATION, DIVERSA CORPORATION, DOW GLOBAL TECHNOLOGIES INC, EASTMAN CHEMICAL COMPANY, ELI LILLY AND COMPANY, GENENCOR INTERNATIONAL INC, GENENTECH INC, GERON CORPORATION, HUMAN GENOME SCIENCES INC, ISIS PHARMACEUTICALS INC, KAO CORPORATION, LARGE SCALE BIOLOGY CORPORATION, MAXYGEN INC, MERCK & CO INC, MILLENNIUM PHARMACEUTICALS INC, MONSANTO TECHNOLOGY LLC, NOVARTIS AG, PFIZER INC, SCHERING CORPORATION, WYETH"
"104",104,"WYETH",29,"ABBOTT LABORATORIES, AKZO NOBEL NV, ARCHER DANIELS MIDLAND COMPANY, ASTRAZENECA AB, AVENTIS PHARMA DEUTSCHLAND GMBH, AVENTIS PHARMA SA, BRISTOL MYERS SQUIBB COMPANY, CHIRON CORPORATION, CIBA SPECIALTY CHEMICALS CORPORATION, DIVERSA CORPORATION, DOW GLOBAL TECHNOLOGIES INC, EASTMAN CHEMICAL COMPANY, ELI LILLY AND COMPANY, GENENCOR INTERNATIONAL INC, GENENTECH INC, GERON CORPORATION, HUMAN GENOME SCIENCES INC, ISIS PHARMACEUTICALS INC, KAO CORPORATION, LARGE SCALE BIOLOGY CORPORATION, MAXYGEN INC, MERCK & CO INC, MILLENNIUM PHARMACEUTICALS INC, MONSANTO TECHNOLOGY LLC, NOVARTIS AG, PFIZER INC, SCHERING CORPORATION, UNILEVER HOME & PERSONAL CARE USA DIVISION OF CONOPCO INC"
"105",105,"ADVANCED MICRO DEVICES INC",32,"ALBANY INTERNATIONAL CORP, ANALOG DEVICES INC, CIRRUS LOGIC INC, CYPRESS SEMICONDUCTOR CORP, DIGIMARC CORPORATION, INFINEON TECHNOLOGIES AG, KONINKLIJKE PHILIPS ELECTRONICS NV, KYOCERA WIRELESS CORP, LSI LOGIC CORPORATION, METROLOGIC INSTRUMENTS INC, NATIONAL SEMICONDUCTOR CORPORATION, NCR CORPORATION, NEC ELECTRONICS CORPORATION, NORTHROP GRUMMAN CORPORATION, PITNEY BOWES INC, RENESAS TECHNOLOGY CORP, SKYWORKS SOLUTIONS INC, STMICROELECTRONICS SA, STMICROELECTRONICS SRL, SUN MICROSYSTEMS INC, TDK CORPORATION, XEROX CORPORATION, XILINX INC"
"106",106,"ALBANY INTERNATIONAL CORP",32,"ADVANCED MICRO DEVICES INC, ANALOG DEVICES INC, CIRRUS LOGIC INC, CYPRESS SEMICONDUCTOR CORP, DIGIMARC CORPORATION, INFINEON TECHNOLOGIES AG, KONINKLIJKE PHILIPS ELECTRONICS NV, KYOCERA WIRELESS CORP, LSI LOGIC CORPORATION, METROLOGIC INSTRUMENTS INC, NATIONAL SEMICONDUCTOR CORPORATION, NCR CORPORATION, NEC ELECTRONICS CORPORATION, NORTHROP GRUMMAN CORPORATION, PITNEY BOWES INC, RENESAS TECHNOLOGY CORP, SKYWORKS SOLUTIONS INC, STMICROELECTRONICS SA, STMICROELECTRONICS SRL, SUN MICROSYSTEMS INC, TDK CORPORATION, XEROX CORPORATION, XILINX INC"
"107",107,"ANALOG DEVICES INC",32,"ADVANCED MICRO DEVICES INC, ALBANY INTERNATIONAL CORP, CIRRUS LOGIC INC, CYPRESS SEMICONDUCTOR CORP, DIGIMARC CORPORATION, INFINEON TECHNOLOGIES AG, KONINKLIJKE PHILIPS ELECTRONICS NV, KYOCERA WIRELESS CORP, LSI LOGIC CORPORATION, METROLOGIC INSTRUMENTS INC, NATIONAL SEMICONDUCTOR CORPORATION, NCR CORPORATION, NEC ELECTRONICS CORPORATION, NORTHROP GRUMMAN CORPORATION, PITNEY BOWES INC, RENESAS TECHNOLOGY CORP, SKYWORKS SOLUTIONS INC, STMICROELECTRONICS SA, STMICROELECTRONICS SRL, SUN MICROSYSTEMS INC, TDK CORPORATION, XEROX CORPORATION, XILINX INC"
"108",108,"CIRRUS LOGIC INC",32,"ADVANCED MICRO DEVICES INC, ALBANY INTERNATIONAL CORP, ANALOG DEVICES INC, CYPRESS SEMICONDUCTOR CORP, DIGIMARC CORPORATION, INFINEON TECHNOLOGIES AG, KONINKLIJKE PHILIPS ELECTRONICS NV, KYOCERA WIRELESS CORP, LSI LOGIC CORPORATION, METROLOGIC INSTRUMENTS INC, NATIONAL SEMICONDUCTOR CORPORATION, NCR CORPORATION, NEC ELECTRONICS CORPORATION, NORTHROP GRUMMAN CORPORATION, PITNEY BOWES INC, RENESAS TECHNOLOGY CORP, SKYWORKS SOLUTIONS INC, STMICROELECTRONICS SA, STMICROELECTRONICS SRL, SUN MICROSYSTEMS INC, TDK CORPORATION, XEROX CORPORATION, XILINX INC"
"109",109,"CYPRESS SEMICONDUCTOR CORP",32,"ADVANCED MICRO DEVICES INC, ALBANY INTERNATIONAL CORP, ANALOG DEVICES INC, CIRRUS LOGIC INC, DIGIMARC CORPORATION, INFINEON TECHNOLOGIES AG, KONINKLIJKE PHILIPS ELECTRONICS NV, KYOCERA WIRELESS CORP, LSI LOGIC CORPORATION, METROLOGIC INSTRUMENTS INC, NATIONAL SEMICONDUCTOR CORPORATION, NCR CORPORATION, NEC ELECTRONICS CORPORATION, NORTHROP GRUMMAN CORPORATION, PITNEY BOWES INC, RENESAS TECHNOLOGY CORP, SKYWORKS SOLUTIONS INC, STMICROELECTRONICS SA, STMICROELECTRONICS SRL, SUN MICROSYSTEMS INC, TDK CORPORATION, XEROX CORPORATION, XILINX INC"
"110",110,"DIGIMARC CORPORATION",32,"ADVANCED MICRO DEVICES INC, ALBANY INTERNATIONAL CORP, ANALOG DEVICES INC, CIRRUS LOGIC INC, CYPRESS SEMICONDUCTOR CORP, INFINEON TECHNOLOGIES AG, KONINKLIJKE PHILIPS ELECTRONICS NV, KYOCERA WIRELESS CORP, LSI LOGIC CORPORATION, METROLOGIC INSTRUMENTS INC, NATIONAL SEMICONDUCTOR CORPORATION, NCR CORPORATION, NEC ELECTRONICS CORPORATION, NORTHROP GRUMMAN CORPORATION, PITNEY BOWES INC, RENESAS TECHNOLOGY CORP, SKYWORKS SOLUTIONS INC, STMICROELECTRONICS SA, STMICROELECTRONICS SRL, SUN MICROSYSTEMS INC, TDK CORPORATION, XEROX CORPORATION, XILINX INC"
"111",111,"INFINEON TECHNOLOGIES AG",32,"ADVANCED MICRO DEVICES INC, ALBANY INTERNATIONAL CORP, ANALOG DEVICES INC, CIRRUS LOGIC INC, CYPRESS SEMICONDUCTOR CORP, DIGIMARC CORPORATION, KONINKLIJKE PHILIPS ELECTRONICS NV, KYOCERA WIRELESS CORP, LSI LOGIC CORPORATION, METROLOGIC INSTRUMENTS INC, NATIONAL SEMICONDUCTOR CORPORATION, NCR CORPORATION, NEC ELECTRONICS CORPORATION, NORTHROP GRUMMAN CORPORATION, PITNEY BOWES INC, RENESAS TECHNOLOGY CORP, SKYWORKS SOLUTIONS INC, STMICROELECTRONICS SA, STMICROELECTRONICS SRL, SUN MICROSYSTEMS INC, TDK CORPORATION, XEROX CORPORATION, XILINX INC"
"112",112,"KONINKLIJKE PHILIPS ELECTRONICS NV",32,"ADVANCED MICRO DEVICES INC, ALBANY INTERNATIONAL CORP, ANALOG DEVICES INC, CIRRUS LOGIC INC, CYPRESS SEMICONDUCTOR CORP, DIGIMARC CORPORATION, INFINEON TECHNOLOGIES AG, KYOCERA WIRELESS CORP, LSI LOGIC CORPORATION, METROLOGIC INSTRUMENTS INC, NATIONAL SEMICONDUCTOR CORPORATION, NCR CORPORATION, NEC ELECTRONICS CORPORATION, NORTHROP GRUMMAN CORPORATION, PITNEY BOWES INC, RENESAS TECHNOLOGY CORP, SKYWORKS SOLUTIONS INC, STMICROELECTRONICS SA, STMICROELECTRONICS SRL, SUN MICROSYSTEMS INC, TDK CORPORATION, XEROX CORPORATION, XILINX INC"
"113",113,"KYOCERA WIRELESS CORP",32,"ADVANCED MICRO DEVICES INC, ALBANY INTERNATIONAL CORP, ANALOG DEVICES INC, CIRRUS LOGIC INC, CYPRESS SEMICONDUCTOR CORP, DIGIMARC CORPORATION, INFINEON TECHNOLOGIES AG, KONINKLIJKE PHILIPS ELECTRONICS NV, LSI LOGIC CORPORATION, METROLOGIC INSTRUMENTS INC, NATIONAL SEMICONDUCTOR CORPORATION, NCR CORPORATION, NEC ELECTRONICS CORPORATION, NORTHROP GRUMMAN CORPORATION, PITNEY BOWES INC, RENESAS TECHNOLOGY CORP, SKYWORKS SOLUTIONS INC, STMICROELECTRONICS SA, STMICROELECTRONICS SRL, SUN MICROSYSTEMS INC, TDK CORPORATION, XEROX CORPORATION, XILINX INC"
"114",114,"LSI LOGIC CORPORATION",32,"ADVANCED MICRO DEVICES INC, ALBANY INTERNATIONAL CORP, ANALOG DEVICES INC, CIRRUS LOGIC INC, CYPRESS SEMICONDUCTOR CORP, DIGIMARC CORPORATION, INFINEON TECHNOLOGIES AG, KONINKLIJKE PHILIPS ELECTRONICS NV, KYOCERA WIRELESS CORP, METROLOGIC INSTRUMENTS INC, NATIONAL SEMICONDUCTOR CORPORATION, NCR CORPORATION, NEC ELECTRONICS CORPORATION, NORTHROP GRUMMAN CORPORATION, PITNEY BOWES INC, RENESAS TECHNOLOGY CORP, SKYWORKS SOLUTIONS INC, STMICROELECTRONICS SA, STMICROELECTRONICS SRL, SUN MICROSYSTEMS INC, TDK CORPORATION, XEROX CORPORATION, XILINX INC"
"115",115,"METROLOGIC INSTRUMENTS INC",32,"ADVANCED MICRO DEVICES INC, ALBANY INTERNATIONAL CORP, ANALOG DEVICES INC, CIRRUS LOGIC INC, CYPRESS SEMICONDUCTOR CORP, DIGIMARC CORPORATION, INFINEON TECHNOLOGIES AG, KONINKLIJKE PHILIPS ELECTRONICS NV, KYOCERA WIRELESS CORP, LSI LOGIC CORPORATION, NATIONAL SEMICONDUCTOR CORPORATION, NCR CORPORATION, NEC ELECTRONICS CORPORATION, NORTHROP GRUMMAN CORPORATION, PITNEY BOWES INC, RENESAS TECHNOLOGY CORP, SKYWORKS SOLUTIONS INC, STMICROELECTRONICS SA, STMICROELECTRONICS SRL, SUN MICROSYSTEMS INC, TDK CORPORATION, XEROX CORPORATION, XILINX INC"
"116",116,"NATIONAL SEMICONDUCTOR CORPORATION",32,"ADVANCED MICRO DEVICES INC, ALBANY INTERNATIONAL CORP, ANALOG DEVICES INC, CIRRUS LOGIC INC, CYPRESS SEMICONDUCTOR CORP, DIGIMARC CORPORATION, INFINEON TECHNOLOGIES AG, KONINKLIJKE PHILIPS ELECTRONICS NV, KYOCERA WIRELESS CORP, LSI LOGIC CORPORATION, METROLOGIC INSTRUMENTS INC, NCR CORPORATION, NEC ELECTRONICS CORPORATION, NORTHROP GRUMMAN CORPORATION, PITNEY BOWES INC, RENESAS TECHNOLOGY CORP, SKYWORKS SOLUTIONS INC, STMICROELECTRONICS SA, STMICROELECTRONICS SRL, SUN MICROSYSTEMS INC, TDK CORPORATION, XEROX CORPORATION, XILINX INC"
"117",117,"NCR CORPORATION",32,"ADVANCED MICRO DEVICES INC, ALBANY INTERNATIONAL CORP, ANALOG DEVICES INC, CIRRUS LOGIC INC, CYPRESS SEMICONDUCTOR CORP, DIGIMARC CORPORATION, INFINEON TECHNOLOGIES AG, KONINKLIJKE PHILIPS ELECTRONICS NV, KYOCERA WIRELESS CORP, LSI LOGIC CORPORATION, METROLOGIC INSTRUMENTS INC, NATIONAL SEMICONDUCTOR CORPORATION, NEC ELECTRONICS CORPORATION, NORTHROP GRUMMAN CORPORATION, PITNEY BOWES INC, RENESAS TECHNOLOGY CORP, SKYWORKS SOLUTIONS INC, STMICROELECTRONICS SA, STMICROELECTRONICS SRL, SUN MICROSYSTEMS INC, TDK CORPORATION, XEROX CORPORATION, XILINX INC"
"118",118,"NEC ELECTRONICS CORPORATION",32,"ADVANCED MICRO DEVICES INC, ALBANY INTERNATIONAL CORP, ANALOG DEVICES INC, CIRRUS LOGIC INC, CYPRESS SEMICONDUCTOR CORP, DIGIMARC CORPORATION, INFINEON TECHNOLOGIES AG, KONINKLIJKE PHILIPS ELECTRONICS NV, KYOCERA WIRELESS CORP, LSI LOGIC CORPORATION, METROLOGIC INSTRUMENTS INC, NATIONAL SEMICONDUCTOR CORPORATION, NCR CORPORATION, NORTHROP GRUMMAN CORPORATION, PITNEY BOWES INC, RENESAS TECHNOLOGY CORP, SKYWORKS SOLUTIONS INC, STMICROELECTRONICS SA, STMICROELECTRONICS SRL, SUN MICROSYSTEMS INC, TDK CORPORATION, XEROX CORPORATION, XILINX INC"
"119",119,"NORTHROP GRUMMAN CORPORATION",32,"ADVANCED MICRO DEVICES INC, ALBANY INTERNATIONAL CORP, ANALOG DEVICES INC, CIRRUS LOGIC INC, CYPRESS SEMICONDUCTOR CORP, DIGIMARC CORPORATION, INFINEON TECHNOLOGIES AG, KONINKLIJKE PHILIPS ELECTRONICS NV, KYOCERA WIRELESS CORP, LSI LOGIC CORPORATION, METROLOGIC INSTRUMENTS INC, NATIONAL SEMICONDUCTOR CORPORATION, NCR CORPORATION, NEC ELECTRONICS CORPORATION, PITNEY BOWES INC, RENESAS TECHNOLOGY CORP, SKYWORKS SOLUTIONS INC, STMICROELECTRONICS SA, STMICROELECTRONICS SRL, SUN MICROSYSTEMS INC, TDK CORPORATION, XEROX CORPORATION, XILINX INC"
"120",120,"PITNEY BOWES INC",32,"ADVANCED MICRO DEVICES INC, ALBANY INTERNATIONAL CORP, ANALOG DEVICES INC, CIRRUS LOGIC INC, CYPRESS SEMICONDUCTOR CORP, DIGIMARC CORPORATION, INFINEON TECHNOLOGIES AG, KONINKLIJKE PHILIPS ELECTRONICS NV, KYOCERA WIRELESS CORP, LSI LOGIC CORPORATION, METROLOGIC INSTRUMENTS INC, NATIONAL SEMICONDUCTOR CORPORATION, NCR CORPORATION, NEC ELECTRONICS CORPORATION, NORTHROP GRUMMAN CORPORATION, RENESAS TECHNOLOGY CORP, SKYWORKS SOLUTIONS INC, STMICROELECTRONICS SA, STMICROELECTRONICS SRL, SUN MICROSYSTEMS INC, TDK CORPORATION, XEROX CORPORATION, XILINX INC"
"121",121,"RENESAS TECHNOLOGY CORP",32,"ADVANCED MICRO DEVICES INC, ALBANY INTERNATIONAL CORP, ANALOG DEVICES INC, CIRRUS LOGIC INC, CYPRESS SEMICONDUCTOR CORP, DIGIMARC CORPORATION, INFINEON TECHNOLOGIES AG, KONINKLIJKE PHILIPS ELECTRONICS NV, KYOCERA WIRELESS CORP, LSI LOGIC CORPORATION, METROLOGIC INSTRUMENTS INC, NATIONAL SEMICONDUCTOR CORPORATION, NCR CORPORATION, NEC ELECTRONICS CORPORATION, NORTHROP GRUMMAN CORPORATION, PITNEY BOWES INC, SKYWORKS SOLUTIONS INC, STMICROELECTRONICS SA, STMICROELECTRONICS SRL, SUN MICROSYSTEMS INC, TDK CORPORATION, XEROX CORPORATION, XILINX INC"
"122",122,"SKYWORKS SOLUTIONS INC",32,"ADVANCED MICRO DEVICES INC, ALBANY INTERNATIONAL CORP, ANALOG DEVICES INC, CIRRUS LOGIC INC, CYPRESS SEMICONDUCTOR CORP, DIGIMARC CORPORATION, INFINEON TECHNOLOGIES AG, KONINKLIJKE PHILIPS ELECTRONICS NV, KYOCERA WIRELESS CORP, LSI LOGIC CORPORATION, METROLOGIC INSTRUMENTS INC, NATIONAL SEMICONDUCTOR CORPORATION, NCR CORPORATION, NEC ELECTRONICS CORPORATION, NORTHROP GRUMMAN CORPORATION, PITNEY BOWES INC, RENESAS TECHNOLOGY CORP, STMICROELECTRONICS SA, STMICROELECTRONICS SRL, SUN MICROSYSTEMS INC, TDK CORPORATION, XEROX CORPORATION, XILINX INC"
"123",123,"STMICROELECTRONICS SA",32,"ADVANCED MICRO DEVICES INC, ALBANY INTERNATIONAL CORP, ANALOG DEVICES INC, CIRRUS LOGIC INC, CYPRESS SEMICONDUCTOR CORP, DIGIMARC CORPORATION, INFINEON TECHNOLOGIES AG, KONINKLIJKE PHILIPS ELECTRONICS NV, KYOCERA WIRELESS CORP, LSI LOGIC CORPORATION, METROLOGIC INSTRUMENTS INC, NATIONAL SEMICONDUCTOR CORPORATION, NCR CORPORATION, NEC ELECTRONICS CORPORATION, NORTHROP GRUMMAN CORPORATION, PITNEY BOWES INC, RENESAS TECHNOLOGY CORP, SKYWORKS SOLUTIONS INC, STMICROELECTRONICS SRL, SUN MICROSYSTEMS INC, TDK CORPORATION, XEROX CORPORATION, XILINX INC"
"124",124,"STMICROELECTRONICS SRL",32,"ADVANCED MICRO DEVICES INC, ALBANY INTERNATIONAL CORP, ANALOG DEVICES INC, CIRRUS LOGIC INC, CYPRESS SEMICONDUCTOR CORP, DIGIMARC CORPORATION, INFINEON TECHNOLOGIES AG, KONINKLIJKE PHILIPS ELECTRONICS NV, KYOCERA WIRELESS CORP, LSI LOGIC CORPORATION, METROLOGIC INSTRUMENTS INC, NATIONAL SEMICONDUCTOR CORPORATION, NCR CORPORATION, NEC ELECTRONICS CORPORATION, NORTHROP GRUMMAN CORPORATION, PITNEY BOWES INC, RENESAS TECHNOLOGY CORP, SKYWORKS SOLUTIONS INC, STMICROELECTRONICS SA, SUN MICROSYSTEMS INC, TDK CORPORATION, XEROX CORPORATION, XILINX INC"
"125",125,"SUN MICROSYSTEMS INC",32,"ADVANCED MICRO DEVICES INC, ALBANY INTERNATIONAL CORP, ANALOG DEVICES INC, CIRRUS LOGIC INC, CYPRESS SEMICONDUCTOR CORP, DIGIMARC CORPORATION, INFINEON TECHNOLOGIES AG, KONINKLIJKE PHILIPS ELECTRONICS NV, KYOCERA WIRELESS CORP, LSI LOGIC CORPORATION, METROLOGIC INSTRUMENTS INC, NATIONAL SEMICONDUCTOR CORPORATION, NCR CORPORATION, NEC ELECTRONICS CORPORATION, NORTHROP GRUMMAN CORPORATION, PITNEY BOWES INC, RENESAS TECHNOLOGY CORP, SKYWORKS SOLUTIONS INC, STMICROELECTRONICS SA, STMICROELECTRONICS SRL, TDK CORPORATION, XEROX CORPORATION, XILINX INC"
"126",126,"TDK CORPORATION",32,"ADVANCED MICRO DEVICES INC, ALBANY INTERNATIONAL CORP, ANALOG DEVICES INC, CIRRUS LOGIC INC, CYPRESS SEMICONDUCTOR CORP, DIGIMARC CORPORATION, INFINEON TECHNOLOGIES AG, KONINKLIJKE PHILIPS ELECTRONICS NV, KYOCERA WIRELESS CORP, LSI LOGIC CORPORATION, METROLOGIC INSTRUMENTS INC, NATIONAL SEMICONDUCTOR CORPORATION, NCR CORPORATION, NEC ELECTRONICS CORPORATION, NORTHROP GRUMMAN CORPORATION, PITNEY BOWES INC, RENESAS TECHNOLOGY CORP, SKYWORKS SOLUTIONS INC, STMICROELECTRONICS SA, STMICROELECTRONICS SRL, SUN MICROSYSTEMS INC, XEROX CORPORATION, XILINX INC"
"127",127,"XEROX CORPORATION",32,"ADVANCED MICRO DEVICES INC, ALBANY INTERNATIONAL CORP, ANALOG DEVICES INC, CIRRUS LOGIC INC, CYPRESS SEMICONDUCTOR CORP, DIGIMARC CORPORATION, INFINEON TECHNOLOGIES AG, KONINKLIJKE PHILIPS ELECTRONICS NV, KYOCERA WIRELESS CORP, LSI LOGIC CORPORATION, METROLOGIC INSTRUMENTS INC, NATIONAL SEMICONDUCTOR CORPORATION, NCR CORPORATION, NEC ELECTRONICS CORPORATION, NORTHROP GRUMMAN CORPORATION, PITNEY BOWES INC, RENESAS TECHNOLOGY CORP, SKYWORKS SOLUTIONS INC, STMICROELECTRONICS SA, STMICROELECTRONICS SRL, SUN MICROSYSTEMS INC, TDK CORPORATION, XILINX INC"
"128",128,"XILINX INC",32,"ADVANCED MICRO DEVICES INC, ALBANY INTERNATIONAL CORP, ANALOG DEVICES INC, CIRRUS LOGIC INC, CYPRESS SEMICONDUCTOR CORP, DIGIMARC CORPORATION, INFINEON TECHNOLOGIES AG, KONINKLIJKE PHILIPS ELECTRONICS NV, KYOCERA WIRELESS CORP, LSI LOGIC CORPORATION, METROLOGIC INSTRUMENTS INC, NATIONAL SEMICONDUCTOR CORPORATION, NCR CORPORATION, NEC ELECTRONICS CORPORATION, NORTHROP GRUMMAN CORPORATION, PITNEY BOWES INC, RENESAS TECHNOLOGY CORP, SKYWORKS SOLUTIONS INC, STMICROELECTRONICS SA, STMICROELECTRONICS SRL, SUN MICROSYSTEMS INC, TDK CORPORATION, XEROX CORPORATION"
"129",129,"CHEVRON USA INC",33,"CONOCOPHILLIPS COMPANY, ECOLAB INC, EXXONMOBIL RESEARCH AND ENGINEERING COMPANY, THE LUBRIZOL CORPORATION"
"130",130,"CONOCOPHILLIPS COMPANY",33,"CHEVRON USA INC, ECOLAB INC, EXXONMOBIL RESEARCH AND ENGINEERING COMPANY, THE LUBRIZOL CORPORATION"
"131",131,"ECOLAB INC",33,"CHEVRON USA INC, CONOCOPHILLIPS COMPANY, EXXONMOBIL RESEARCH AND ENGINEERING COMPANY, THE LUBRIZOL CORPORATION"
"132",132,"EXXONMOBIL RESEARCH AND ENGINEERING COMPANY",33,"CHEVRON USA INC, CONOCOPHILLIPS COMPANY, ECOLAB INC, THE LUBRIZOL CORPORATION"
"133",133,"THE LUBRIZOL CORPORATION",33,"CHEVRON USA INC, CONOCOPHILLIPS COMPANY, ECOLAB INC, EXXONMOBIL RESEARCH AND ENGINEERING COMPANY"
"134",134,"ADC TELECOMMUNICATIONS INC",38,"ALCATEL, AT&T BELL LABORATORIES, BELLSOUTH INTELLECTUAL PROPERTY CORPORATION, CISCO TECHNOLOGY INC, INTERDIGITAL TECHNOLOGY CORPORATION, LUCENT TECHNOLOGIES INC, MICROSOFT CORPORATION, MOTOROLA INC, NEC CORPORATION, NOKIA CORPORATION, NOKIA MOBILE PHONES LTD, NORTEL NETWORKS LIMITED, QUALCOMM INCORPORATED, TELEFONAKTIEBOLAGET LM ERICSSON (PUBL)"
"135",135,"ALCATEL",38,"ADC TELECOMMUNICATIONS INC, AT&T BELL LABORATORIES, BELLSOUTH INTELLECTUAL PROPERTY CORPORATION, CISCO TECHNOLOGY INC, INTERDIGITAL TECHNOLOGY CORPORATION, LUCENT TECHNOLOGIES INC, MICROSOFT CORPORATION, MOTOROLA INC, NEC CORPORATION, NOKIA CORPORATION, NOKIA MOBILE PHONES LTD, NORTEL NETWORKS LIMITED, QUALCOMM INCORPORATED, TELEFONAKTIEBOLAGET LM ERICSSON (PUBL)"
"136",136,"AT&T BELL LABORATORIES",38,"ADC TELECOMMUNICATIONS INC, ALCATEL, BELLSOUTH INTELLECTUAL PROPERTY CORPORATION, CISCO TECHNOLOGY INC, INTERDIGITAL TECHNOLOGY CORPORATION, LUCENT TECHNOLOGIES INC, MICROSOFT CORPORATION, MOTOROLA INC, NEC CORPORATION, NOKIA CORPORATION, NOKIA MOBILE PHONES LTD, NORTEL NETWORKS LIMITED, QUALCOMM INCORPORATED, TELEFONAKTIEBOLAGET LM ERICSSON (PUBL)"
"137",137,"BELLSOUTH INTELLECTUAL PROPERTY CORPORATION",38,"ADC TELECOMMUNICATIONS INC, ALCATEL, AT&T BELL LABORATORIES, CISCO TECHNOLOGY INC, INTERDIGITAL TECHNOLOGY CORPORATION, LUCENT TECHNOLOGIES INC, MICROSOFT CORPORATION, MOTOROLA INC, NEC CORPORATION, NOKIA CORPORATION, NOKIA MOBILE PHONES LTD, NORTEL NETWORKS LIMITED, QUALCOMM INCORPORATED, TELEFONAKTIEBOLAGET LM ERICSSON (PUBL)"
"138",138,"CISCO TECHNOLOGY INC",38,"ADC TELECOMMUNICATIONS INC, ALCATEL, AT&T BELL LABORATORIES, BELLSOUTH INTELLECTUAL PROPERTY CORPORATION, INTERDIGITAL TECHNOLOGY CORPORATION, LUCENT TECHNOLOGIES INC, MICROSOFT CORPORATION, MOTOROLA INC, NEC CORPORATION, NOKIA CORPORATION, NOKIA MOBILE PHONES LTD, NORTEL NETWORKS LIMITED, QUALCOMM INCORPORATED, TELEFONAKTIEBOLAGET LM ERICSSON (PUBL)"
"139",139,"INTERDIGITAL TECHNOLOGY CORPORATION",38,"ADC TELECOMMUNICATIONS INC, ALCATEL, AT&T BELL LABORATORIES, BELLSOUTH INTELLECTUAL PROPERTY CORPORATION, CISCO TECHNOLOGY INC, LUCENT TECHNOLOGIES INC, MICROSOFT CORPORATION, MOTOROLA INC, NEC CORPORATION, NOKIA CORPORATION, NOKIA MOBILE PHONES LTD, NORTEL NETWORKS LIMITED, QUALCOMM INCORPORATED, TELEFONAKTIEBOLAGET LM ERICSSON (PUBL)"
"140",140,"LUCENT TECHNOLOGIES INC",38,"ADC TELECOMMUNICATIONS INC, ALCATEL, AT&T BELL LABORATORIES, BELLSOUTH INTELLECTUAL PROPERTY CORPORATION, CISCO TECHNOLOGY INC, INTERDIGITAL TECHNOLOGY CORPORATION, MICROSOFT CORPORATION, MOTOROLA INC, NEC CORPORATION, NOKIA CORPORATION, NOKIA MOBILE PHONES LTD, NORTEL NETWORKS LIMITED, QUALCOMM INCORPORATED, TELEFONAKTIEBOLAGET LM ERICSSON (PUBL)"
"141",141,"MICROSOFT CORPORATION",38,"ADC TELECOMMUNICATIONS INC, ALCATEL, AT&T BELL LABORATORIES, BELLSOUTH INTELLECTUAL PROPERTY CORPORATION, CISCO TECHNOLOGY INC, INTERDIGITAL TECHNOLOGY CORPORATION, LUCENT TECHNOLOGIES INC, MOTOROLA INC, NEC CORPORATION, NOKIA CORPORATION, NOKIA MOBILE PHONES LTD, NORTEL NETWORKS LIMITED, QUALCOMM INCORPORATED, TELEFONAKTIEBOLAGET LM ERICSSON (PUBL)"
"142",142,"MOTOROLA INC",38,"ADC TELECOMMUNICATIONS INC, ALCATEL, AT&T BELL LABORATORIES, BELLSOUTH INTELLECTUAL PROPERTY CORPORATION, CISCO TECHNOLOGY INC, INTERDIGITAL TECHNOLOGY CORPORATION, LUCENT TECHNOLOGIES INC, MICROSOFT CORPORATION, NEC CORPORATION, NOKIA CORPORATION, NOKIA MOBILE PHONES LTD, NORTEL NETWORKS LIMITED, QUALCOMM INCORPORATED, TELEFONAKTIEBOLAGET LM ERICSSON (PUBL)"
"143",143,"NEC CORPORATION",38,"ADC TELECOMMUNICATIONS INC, ALCATEL, AT&T BELL LABORATORIES, BELLSOUTH INTELLECTUAL PROPERTY CORPORATION, CISCO TECHNOLOGY INC, INTERDIGITAL TECHNOLOGY CORPORATION, LUCENT TECHNOLOGIES INC, MICROSOFT CORPORATION, MOTOROLA INC, NOKIA CORPORATION, NOKIA MOBILE PHONES LTD, NORTEL NETWORKS LIMITED, QUALCOMM INCORPORATED, TELEFONAKTIEBOLAGET LM ERICSSON (PUBL)"
"144",144,"NOKIA CORPORATION",38,"ADC TELECOMMUNICATIONS INC, ALCATEL, AT&T BELL LABORATORIES, BELLSOUTH INTELLECTUAL PROPERTY CORPORATION, CISCO TECHNOLOGY INC, INTERDIGITAL TECHNOLOGY CORPORATION, LUCENT TECHNOLOGIES INC, MICROSOFT CORPORATION, MOTOROLA INC, NEC CORPORATION, NOKIA MOBILE PHONES LTD, NORTEL NETWORKS LIMITED, QUALCOMM INCORPORATED, TELEFONAKTIEBOLAGET LM ERICSSON (PUBL)"
"145",145,"NOKIA MOBILE PHONES LTD",38,"ADC TELECOMMUNICATIONS INC, ALCATEL, AT&T BELL LABORATORIES, BELLSOUTH INTELLECTUAL PROPERTY CORPORATION, CISCO TECHNOLOGY INC, INTERDIGITAL TECHNOLOGY CORPORATION, LUCENT TECHNOLOGIES INC, MICROSOFT CORPORATION, MOTOROLA INC, NEC CORPORATION, NOKIA CORPORATION, NORTEL NETWORKS LIMITED, QUALCOMM INCORPORATED, TELEFONAKTIEBOLAGET LM ERICSSON (PUBL)"
"146",146,"NORTEL NETWORKS LIMITED",38,"ADC TELECOMMUNICATIONS INC, ALCATEL, AT&T BELL LABORATORIES, BELLSOUTH INTELLECTUAL PROPERTY CORPORATION, CISCO TECHNOLOGY INC, INTERDIGITAL TECHNOLOGY CORPORATION, LUCENT TECHNOLOGIES INC, MICROSOFT CORPORATION, MOTOROLA INC, NEC CORPORATION, NOKIA CORPORATION, NOKIA MOBILE PHONES LTD, QUALCOMM INCORPORATED, TELEFONAKTIEBOLAGET LM ERICSSON (PUBL)"
"147",147,"QUALCOMM INCORPORATED",38,"ADC TELECOMMUNICATIONS INC, ALCATEL, AT&T BELL LABORATORIES, BELLSOUTH INTELLECTUAL PROPERTY CORPORATION, CISCO TECHNOLOGY INC, INTERDIGITAL TECHNOLOGY CORPORATION, LUCENT TECHNOLOGIES INC, MICROSOFT CORPORATION, MOTOROLA INC, NEC CORPORATION, NOKIA CORPORATION, NOKIA MOBILE PHONES LTD, NORTEL NETWORKS LIMITED, TELEFONAKTIEBOLAGET LM ERICSSON (PUBL)"
"148",148,"TELEFONAKTIEBOLAGET LM ERICSSON (PUBL)",38,"ADC TELECOMMUNICATIONS INC, ALCATEL, AT&T BELL LABORATORIES, BELLSOUTH INTELLECTUAL PROPERTY CORPORATION, CISCO TECHNOLOGY INC, INTERDIGITAL TECHNOLOGY CORPORATION, LUCENT TECHNOLOGIES INC, MICROSOFT CORPORATION, MOTOROLA INC, NEC CORPORATION, NOKIA CORPORATION, NOKIA MOBILE PHONES LTD, NORTEL NETWORKS LIMITED, QUALCOMM INCORPORATED"
